intel_id,territory_id,week_number,zylatec_estimated_calls,zylatec_market_share_pct,vexorin_market_share_pct,launch_phase,data_source
INTEL_000001,TER_NO_01,1,57,32.53,19.97,LAST_LAUNCH,IQVIA
INTEL_000002,TER_NO_01,2,63,33.72,16.79,LAST_LAUNCH,IQVIA
INTEL_000003,TER_NO_01,3,63,33.95,16.12,LAST_LAUNCH,Symphony Health
INTEL_000004,TER_NO_01,4,70,35.16,23.18,LAST_LAUNCH,IQVIA
INTEL_000005,TER_NO_01,5,67,37.31,13.02,LAST_LAUNCH,IQVIA
INTEL_000006,TER_NO_01,6,70,39.37,11.38,LAST_LAUNCH,IQVIA
INTEL_000007,TER_NO_01,7,58,38.24,15.78,LAST_LAUNCH,IQVIA
INTEL_000008,TER_NO_01,8,63,41.57,8.6,LAST_LAUNCH,IQVIA
INTEL_000009,TER_NO_01,9,46,44.07,10.55,LAST_LAUNCH,IQVIA
INTEL_000010,TER_NO_01,10,55,45.17,11.73,LAST_LAUNCH,IQVIA
INTEL_000011,TER_NO_01,11,44,45.23,10.44,LAST_LAUNCH,Symphony Health
INTEL_000012,TER_NO_01,12,50,44.73,6.38,LAST_LAUNCH,Symphony Health
INTEL_000013,TER_NO_01,13,56,43.11,15.06,LAST_LAUNCH,IQVIA
INTEL_000014,TER_NO_01,14,47,44.64,12.27,LAST_LAUNCH,IQVIA
INTEL_000015,TER_NO_01,15,47,40.72,16.07,LAST_LAUNCH,Symphony Health
INTEL_000016,TER_NO_01,16,47,40.72,17.14,LAST_LAUNCH,IQVIA
INTEL_000017,TER_NO_01,17,51,44.04,12.68,LAST_LAUNCH,IQVIA
INTEL_000018,TER_NO_01,18,52,41.99,13.79,LAST_LAUNCH,IQVIA
INTEL_000019,TER_NO_01,19,48,41.99,14.91,LAST_LAUNCH,IQVIA
INTEL_000020,TER_NO_01,20,48,42.34,8.3,LAST_LAUNCH,Symphony Health
INTEL_000021,TER_NO_01,21,53,43.57,7.96,LAST_LAUNCH,IQVIA
INTEL_000022,TER_NO_01,22,43,44.49,12.2,LAST_LAUNCH,IQVIA
INTEL_000023,TER_NO_01,23,55,44.99,7.64,LAST_LAUNCH,Symphony Health
INTEL_000024,TER_NO_01,24,49,45.06,8.6,LAST_LAUNCH,IQVIA
INTEL_000025,TER_NO_01,25,53,41.42,11.02,LAST_LAUNCH,IQVIA
INTEL_000026,TER_NO_01,26,54,43.11,8.97,LAST_LAUNCH,Symphony Health
INTEL_000027,TER_NO_01,27,48,45.51,10.7,LAST_LAUNCH,IQVIA
INTEL_000028,TER_NO_01,28,54,40.57,12.32,LAST_LAUNCH,IQVIA
INTEL_000029,TER_NO_01,29,54,44.66,15.15,LAST_LAUNCH,IQVIA
INTEL_000030,TER_NO_01,30,50,43.92,8.89,LAST_LAUNCH,IQVIA
INTEL_000031,TER_NO_01,31,58,43.59,12.71,LAST_LAUNCH,IQVIA
INTEL_000032,TER_NO_01,32,56,43.71,7.17,LAST_LAUNCH,IQVIA
INTEL_000033,TER_NO_01,33,49,43.61,6.8,LAST_LAUNCH,IQVIA
INTEL_000034,TER_NO_01,34,57,42.06,10.79,LAST_LAUNCH,Symphony Health
INTEL_000035,TER_NO_01,35,54,41.73,14.15,LAST_LAUNCH,IQVIA
INTEL_000036,TER_NO_01,36,48,44.15,15.0,LAST_LAUNCH,Symphony Health
INTEL_000037,TER_NO_01,37,48,40.75,17.25,LAST_LAUNCH,IQVIA
INTEL_000038,TER_NO_01,38,54,42.46,12.73,LAST_LAUNCH,IQVIA
INTEL_000039,TER_NO_01,39,43,40.92,12.42,LAST_LAUNCH,IQVIA
INTEL_000040,TER_NO_01,40,46,42.79,14.96,LAST_LAUNCH,IQVIA
INTEL_000041,TER_NO_01,41,54,44.87,12.43,LAST_LAUNCH,IQVIA
INTEL_000042,TER_NO_01,42,46,45.17,8.22,LAST_LAUNCH,IQVIA
INTEL_000043,TER_NO_01,43,51,40.84,18.01,LAST_LAUNCH,Symphony Health
INTEL_000044,TER_NO_01,44,43,45.38,9.12,LAST_LAUNCH,Symphony Health
INTEL_000045,TER_NO_01,45,56,45.52,8.26,LAST_LAUNCH,IQVIA
INTEL_000046,TER_NO_01,46,44,43.85,9.48,LAST_LAUNCH,Symphony Health
INTEL_000047,TER_NO_01,47,45,45.05,13.87,LAST_LAUNCH,Symphony Health
INTEL_000048,TER_NO_01,48,56,44.48,6.42,LAST_LAUNCH,Symphony Health
INTEL_000049,TER_NO_01,49,47,44.92,14.4,LAST_LAUNCH,Symphony Health
INTEL_000050,TER_NO_01,50,50,43.81,14.29,LAST_LAUNCH,IQVIA
INTEL_000051,TER_NO_01,51,57,41.58,13.59,LAST_LAUNCH,IQVIA
INTEL_000052,TER_NO_01,52,57,40.17,15.24,LAST_LAUNCH,Symphony Health
INTEL_000053,TER_NO_01,1,71,30.5,31.61,CURRENT_LAUNCH,IQVIA
INTEL_000054,TER_NO_01,2,63,31.93,29.77,CURRENT_LAUNCH,IQVIA
INTEL_000055,TER_NO_01,3,68,32.69,29.46,CURRENT_LAUNCH,IQVIA
INTEL_000056,TER_NO_01,4,69,32.89,28.69,CURRENT_LAUNCH,Symphony Health
INTEL_000057,TER_NO_01,5,59,34.15,31.26,CURRENT_LAUNCH,Symphony Health
INTEL_000058,TER_NO_01,6,75,38.22,25.98,CURRENT_LAUNCH,IQVIA
INTEL_000059,TER_NO_01,7,64,36.4,23.08,CURRENT_LAUNCH,Symphony Health
INTEL_000060,TER_NO_01,8,73,36.47,29.36,CURRENT_LAUNCH,IQVIA
INTEL_000061,TER_NO_01,9,59,38.49,21.63,CURRENT_LAUNCH,IQVIA
INTEL_000062,TER_NO_01,10,50,41.77,26.87,CURRENT_LAUNCH,Symphony Health
INTEL_000063,TER_NO_01,11,53,38.94,27.2,CURRENT_LAUNCH,IQVIA
INTEL_000064,TER_NO_01,12,55,39.56,21.55,CURRENT_LAUNCH,IQVIA
INTEL_000065,TER_NO_01,13,61,39.66,21.21,CURRENT_LAUNCH,Symphony Health
INTEL_000066,TER_NO_01,14,57,39.37,23.56,CURRENT_LAUNCH,IQVIA
INTEL_000067,TER_NO_01,15,53,41.01,19.83,CURRENT_LAUNCH,IQVIA
INTEL_000068,TER_NO_01,16,48,39.36,24.28,CURRENT_LAUNCH,Symphony Health
INTEL_000069,TER_NO_01,17,60,40.62,24.85,CURRENT_LAUNCH,IQVIA
INTEL_000070,TER_NO_01,18,50,42.95,21.79,CURRENT_LAUNCH,IQVIA
INTEL_000071,TER_NO_01,19,56,38.61,28.74,CURRENT_LAUNCH,IQVIA
INTEL_000072,TER_NO_01,20,48,39.15,23.37,CURRENT_LAUNCH,Symphony Health
INTEL_000073,TER_NO_02,1,72,33.41,25.67,LAST_LAUNCH,IQVIA
INTEL_000074,TER_NO_02,2,71,34.46,22.87,LAST_LAUNCH,Symphony Health
INTEL_000075,TER_NO_02,3,62,34.7,21.61,LAST_LAUNCH,Symphony Health
INTEL_000076,TER_NO_02,4,61,36.08,22.93,LAST_LAUNCH,Symphony Health
INTEL_000077,TER_NO_02,5,67,38.92,12.76,LAST_LAUNCH,IQVIA
INTEL_000078,TER_NO_02,6,58,37.1,22.47,LAST_LAUNCH,IQVIA
INTEL_000079,TER_NO_02,7,68,37.59,14.6,LAST_LAUNCH,IQVIA
INTEL_000080,TER_NO_02,8,65,39.74,18.58,LAST_LAUNCH,IQVIA
INTEL_000081,TER_NO_02,9,53,46.73,13.23,LAST_LAUNCH,IQVIA
INTEL_000082,TER_NO_02,10,48,44.48,5.96,LAST_LAUNCH,Symphony Health
INTEL_000083,TER_NO_02,11,55,44.82,10.24,LAST_LAUNCH,Symphony Health
INTEL_000084,TER_NO_02,12,57,43.15,15.41,LAST_LAUNCH,IQVIA
INTEL_000085,TER_NO_02,13,54,45.26,12.68,LAST_LAUNCH,IQVIA
INTEL_000086,TER_NO_02,14,56,42.23,9.25,LAST_LAUNCH,IQVIA
INTEL_000087,TER_NO_02,15,51,42.19,9.23,LAST_LAUNCH,IQVIA
INTEL_000088,TER_NO_02,16,57,44.55,8.98,LAST_LAUNCH,IQVIA
INTEL_000089,TER_NO_02,17,47,44.82,8.23,LAST_LAUNCH,Symphony Health
INTEL_000090,TER_NO_02,18,58,45.74,10.02,LAST_LAUNCH,IQVIA
INTEL_000091,TER_NO_02,19,52,43.52,11.69,LAST_LAUNCH,IQVIA
INTEL_000092,TER_NO_02,20,58,42.61,10.23,LAST_LAUNCH,Symphony Health
INTEL_000093,TER_NO_02,21,57,42.43,9.74,LAST_LAUNCH,IQVIA
INTEL_000094,TER_NO_02,22,46,43.5,15.81,LAST_LAUNCH,IQVIA
INTEL_000095,TER_NO_02,23,51,44.33,12.24,LAST_LAUNCH,Symphony Health
INTEL_000096,TER_NO_02,24,59,44.34,6.1,LAST_LAUNCH,IQVIA
INTEL_000097,TER_NO_02,25,53,45.29,10.87,LAST_LAUNCH,IQVIA
INTEL_000098,TER_NO_02,26,56,45.85,6.8,LAST_LAUNCH,Symphony Health
INTEL_000099,TER_NO_02,27,47,41.05,16.42,LAST_LAUNCH,IQVIA
INTEL_000100,TER_NO_02,28,52,42.88,15.96,LAST_LAUNCH,Symphony Health
INTEL_000101,TER_NO_02,29,46,46.68,8.87,LAST_LAUNCH,IQVIA
INTEL_000102,TER_NO_02,30,52,43.53,7.08,LAST_LAUNCH,Symphony Health
INTEL_000103,TER_NO_02,31,54,41.5,16.06,LAST_LAUNCH,Symphony Health
INTEL_000104,TER_NO_02,32,49,43.63,10.75,LAST_LAUNCH,IQVIA
INTEL_000105,TER_NO_02,33,56,45.32,11.39,LAST_LAUNCH,IQVIA
INTEL_000106,TER_NO_02,34,57,44.12,14.93,LAST_LAUNCH,IQVIA
INTEL_000107,TER_NO_02,35,57,44.41,9.37,LAST_LAUNCH,IQVIA
INTEL_000108,TER_NO_02,36,60,43.44,16.48,LAST_LAUNCH,Symphony Health
INTEL_000109,TER_NO_02,37,45,43.87,13.62,LAST_LAUNCH,IQVIA
INTEL_000110,TER_NO_02,38,56,46.66,5.49,LAST_LAUNCH,IQVIA
INTEL_000111,TER_NO_02,39,50,45.28,8.64,LAST_LAUNCH,Symphony Health
INTEL_000112,TER_NO_02,40,57,42.11,17.71,LAST_LAUNCH,IQVIA
INTEL_000113,TER_NO_02,41,58,41.57,15.74,LAST_LAUNCH,IQVIA
INTEL_000114,TER_NO_02,42,50,42.38,16.19,LAST_LAUNCH,IQVIA
INTEL_000115,TER_NO_02,43,56,41.23,11.13,LAST_LAUNCH,Symphony Health
INTEL_000116,TER_NO_02,44,46,46.64,6.91,LAST_LAUNCH,IQVIA
INTEL_000117,TER_NO_02,45,57,43.2,10.44,LAST_LAUNCH,IQVIA
INTEL_000118,TER_NO_02,46,60,43.36,11.11,LAST_LAUNCH,IQVIA
INTEL_000119,TER_NO_02,47,45,45.83,10.13,LAST_LAUNCH,Symphony Health
INTEL_000120,TER_NO_02,48,59,46.58,10.59,LAST_LAUNCH,IQVIA
INTEL_000121,TER_NO_02,49,57,46.76,5.0,LAST_LAUNCH,IQVIA
INTEL_000122,TER_NO_02,50,51,41.49,14.64,LAST_LAUNCH,IQVIA
INTEL_000123,TER_NO_02,51,52,41.53,17.47,LAST_LAUNCH,Symphony Health
INTEL_000124,TER_NO_02,52,45,44.74,8.45,LAST_LAUNCH,IQVIA
INTEL_000125,TER_NO_02,1,63,34.37,27.94,CURRENT_LAUNCH,IQVIA
INTEL_000126,TER_NO_02,2,66,35.35,26.09,CURRENT_LAUNCH,Symphony Health
INTEL_000127,TER_NO_02,3,55,35.93,23.04,CURRENT_LAUNCH,Symphony Health
INTEL_000128,TER_NO_02,4,53,38.72,26.26,CURRENT_LAUNCH,IQVIA
INTEL_000129,TER_NO_02,5,61,40.88,20.9,CURRENT_LAUNCH,IQVIA
INTEL_000130,TER_NO_02,6,56,39.96,25.98,CURRENT_LAUNCH,IQVIA
INTEL_000131,TER_NO_02,7,53,40.56,27.43,CURRENT_LAUNCH,IQVIA
INTEL_000132,TER_NO_02,8,53,43.57,24.43,CURRENT_LAUNCH,Symphony Health
INTEL_000133,TER_NO_02,9,48,42.57,19.88,CURRENT_LAUNCH,IQVIA
INTEL_000134,TER_NO_02,10,45,46.41,19.53,CURRENT_LAUNCH,IQVIA
INTEL_000135,TER_NO_02,11,53,46.17,21.14,CURRENT_LAUNCH,IQVIA
INTEL_000136,TER_NO_02,12,41,43.55,22.31,CURRENT_LAUNCH,IQVIA
INTEL_000137,TER_NO_02,13,48,43.39,22.3,CURRENT_LAUNCH,IQVIA
INTEL_000138,TER_NO_02,14,52,44.35,19.84,CURRENT_LAUNCH,IQVIA
INTEL_000139,TER_NO_02,15,45,46.79,21.93,CURRENT_LAUNCH,Symphony Health
INTEL_000140,TER_NO_02,16,49,47.26,17.73,CURRENT_LAUNCH,IQVIA
INTEL_000141,TER_NO_02,17,41,48.29,22.03,CURRENT_LAUNCH,IQVIA
INTEL_000142,TER_NO_02,18,49,46.38,21.49,CURRENT_LAUNCH,IQVIA
INTEL_000143,TER_NO_02,19,50,43.65,19.8,CURRENT_LAUNCH,IQVIA
INTEL_000144,TER_NO_02,20,41,47.92,16.62,CURRENT_LAUNCH,IQVIA
INTEL_000145,TER_NO_03,1,26,23.21,32.06,LAST_LAUNCH,IQVIA
INTEL_000146,TER_NO_03,2,25,23.89,34.14,LAST_LAUNCH,IQVIA
INTEL_000147,TER_NO_03,3,30,25.96,33.41,LAST_LAUNCH,IQVIA
INTEL_000148,TER_NO_03,4,28,26.06,28.07,LAST_LAUNCH,Symphony Health
INTEL_000149,TER_NO_03,5,25,29.14,24.17,LAST_LAUNCH,Symphony Health
INTEL_000150,TER_NO_03,6,25,26.99,30.54,LAST_LAUNCH,IQVIA
INTEL_000151,TER_NO_03,7,27,28.05,25.57,LAST_LAUNCH,Symphony Health
INTEL_000152,TER_NO_03,8,26,31.51,25.37,LAST_LAUNCH,Symphony Health
INTEL_000153,TER_NO_03,9,19,33.73,25.12,LAST_LAUNCH,IQVIA
INTEL_000154,TER_NO_03,10,24,32.22,26.03,LAST_LAUNCH,IQVIA
INTEL_000155,TER_NO_03,11,24,31.89,19.22,LAST_LAUNCH,IQVIA
INTEL_000156,TER_NO_03,12,21,32.38,23.77,LAST_LAUNCH,Symphony Health
INTEL_000157,TER_NO_03,13,20,34.39,17.92,LAST_LAUNCH,Symphony Health
INTEL_000158,TER_NO_03,14,24,34.64,23.93,LAST_LAUNCH,IQVIA
INTEL_000159,TER_NO_03,15,20,31.75,26.55,LAST_LAUNCH,IQVIA
INTEL_000160,TER_NO_03,16,23,35.16,18.05,LAST_LAUNCH,IQVIA
INTEL_000161,TER_NO_03,17,24,34.39,20.5,LAST_LAUNCH,IQVIA
INTEL_000162,TER_NO_03,18,23,36.29,15.89,LAST_LAUNCH,Symphony Health
INTEL_000163,TER_NO_03,19,19,32.58,20.09,LAST_LAUNCH,IQVIA
INTEL_000164,TER_NO_03,20,23,32.62,20.12,LAST_LAUNCH,Symphony Health
INTEL_000165,TER_NO_03,21,23,35.3,20.75,LAST_LAUNCH,Symphony Health
INTEL_000166,TER_NO_03,22,22,35.78,19.82,LAST_LAUNCH,IQVIA
INTEL_000167,TER_NO_03,23,24,32.15,19.12,LAST_LAUNCH,IQVIA
INTEL_000168,TER_NO_03,24,20,31.21,19.23,LAST_LAUNCH,IQVIA
INTEL_000169,TER_NO_03,25,25,32.1,23.53,LAST_LAUNCH,Symphony Health
INTEL_000170,TER_NO_03,26,21,33.34,19.2,LAST_LAUNCH,IQVIA
INTEL_000171,TER_NO_03,27,18,31.78,23.89,LAST_LAUNCH,IQVIA
INTEL_000172,TER_NO_03,28,19,31.13,24.33,LAST_LAUNCH,IQVIA
INTEL_000173,TER_NO_03,29,21,34.77,18.12,LAST_LAUNCH,Symphony Health
INTEL_000174,TER_NO_03,30,24,36.4,13.94,LAST_LAUNCH,IQVIA
INTEL_000175,TER_NO_03,31,21,33.96,20.42,LAST_LAUNCH,IQVIA
INTEL_000176,TER_NO_03,32,21,36.54,15.89,LAST_LAUNCH,IQVIA
INTEL_000177,TER_NO_03,33,21,30.77,27.47,LAST_LAUNCH,IQVIA
INTEL_000178,TER_NO_03,34,18,31.87,26.35,LAST_LAUNCH,IQVIA
INTEL_000179,TER_NO_03,35,23,33.51,20.43,LAST_LAUNCH,Symphony Health
INTEL_000180,TER_NO_03,36,24,35.9,16.24,LAST_LAUNCH,IQVIA
INTEL_000181,TER_NO_03,37,22,33.32,26.14,LAST_LAUNCH,IQVIA
INTEL_000182,TER_NO_03,38,19,30.88,23.45,LAST_LAUNCH,IQVIA
INTEL_000183,TER_NO_03,39,22,33.5,25.17,LAST_LAUNCH,IQVIA
INTEL_000184,TER_NO_03,40,25,31.43,27.64,LAST_LAUNCH,Symphony Health
INTEL_000185,TER_NO_03,41,21,32.21,26.48,LAST_LAUNCH,IQVIA
INTEL_000186,TER_NO_03,42,19,34.82,19.3,LAST_LAUNCH,Symphony Health
INTEL_000187,TER_NO_03,43,23,33.59,20.79,LAST_LAUNCH,IQVIA
INTEL_000188,TER_NO_03,44,19,30.81,21.27,LAST_LAUNCH,IQVIA
INTEL_000189,TER_NO_03,45,21,36.35,14.48,LAST_LAUNCH,Symphony Health
INTEL_000190,TER_NO_03,46,24,32.54,17.59,LAST_LAUNCH,Symphony Health
INTEL_000191,TER_NO_03,47,25,32.71,26.74,LAST_LAUNCH,IQVIA
INTEL_000192,TER_NO_03,48,21,35.01,17.97,LAST_LAUNCH,IQVIA
INTEL_000193,TER_NO_03,49,20,33.29,22.69,LAST_LAUNCH,IQVIA
INTEL_000194,TER_NO_03,50,21,36.43,21.57,LAST_LAUNCH,Symphony Health
INTEL_000195,TER_NO_03,51,21,32.04,25.15,LAST_LAUNCH,IQVIA
INTEL_000196,TER_NO_03,52,24,36.46,23.43,LAST_LAUNCH,Symphony Health
INTEL_000197,TER_NO_03,1,42,21.76,38.5,CURRENT_LAUNCH,Symphony Health
INTEL_000198,TER_NO_03,2,37,23.84,36.2,CURRENT_LAUNCH,Symphony Health
INTEL_000199,TER_NO_03,3,39,24.95,29.19,CURRENT_LAUNCH,Symphony Health
INTEL_000200,TER_NO_03,4,36,24.22,36.2,CURRENT_LAUNCH,IQVIA
INTEL_000201,TER_NO_03,5,38,26.98,31.89,CURRENT_LAUNCH,IQVIA
INTEL_000202,TER_NO_03,6,40,27.3,33.8,CURRENT_LAUNCH,IQVIA
INTEL_000203,TER_NO_03,7,40,30.93,28.43,CURRENT_LAUNCH,IQVIA
INTEL_000204,TER_NO_03,8,41,28.83,30.01,CURRENT_LAUNCH,Symphony Health
INTEL_000205,TER_NO_03,9,29,33.18,28.21,CURRENT_LAUNCH,IQVIA
INTEL_000206,TER_NO_03,10,32,30.01,29.44,CURRENT_LAUNCH,IQVIA
INTEL_000207,TER_NO_03,11,33,32.75,31.18,CURRENT_LAUNCH,IQVIA
INTEL_000208,TER_NO_03,12,35,34.73,30.85,CURRENT_LAUNCH,IQVIA
INTEL_000209,TER_NO_03,13,34,32.24,29.25,CURRENT_LAUNCH,IQVIA
INTEL_000210,TER_NO_03,14,34,32.3,26.18,CURRENT_LAUNCH,IQVIA
INTEL_000211,TER_NO_03,15,27,30.55,33.04,CURRENT_LAUNCH,IQVIA
INTEL_000212,TER_NO_03,16,36,30.6,33.03,CURRENT_LAUNCH,IQVIA
INTEL_000213,TER_NO_03,17,32,30.74,33.16,CURRENT_LAUNCH,IQVIA
INTEL_000214,TER_NO_03,18,27,32.11,27.64,CURRENT_LAUNCH,IQVIA
INTEL_000215,TER_NO_03,19,30,33.7,29.35,CURRENT_LAUNCH,IQVIA
INTEL_000216,TER_NO_03,20,31,30.89,28.65,CURRENT_LAUNCH,IQVIA
INTEL_000217,TER_SO_01,1,46,35.06,22.1,LAST_LAUNCH,IQVIA
INTEL_000218,TER_SO_01,2,46,36.25,16.38,LAST_LAUNCH,IQVIA
INTEL_000219,TER_SO_01,3,51,36.66,19.72,LAST_LAUNCH,IQVIA
INTEL_000220,TER_SO_01,4,56,38.56,13.51,LAST_LAUNCH,Symphony Health
INTEL_000221,TER_SO_01,5,55,38.91,20.18,LAST_LAUNCH,IQVIA
INTEL_000222,TER_SO_01,6,55,38.97,20.96,LAST_LAUNCH,Symphony Health
INTEL_000223,TER_SO_01,7,54,43.59,9.07,LAST_LAUNCH,IQVIA
INTEL_000224,TER_SO_01,8,53,45.55,13.6,LAST_LAUNCH,IQVIA
INTEL_000225,TER_SO_01,9,43,44.6,6.23,LAST_LAUNCH,IQVIA
INTEL_000226,TER_SO_01,10,39,43.28,11.81,LAST_LAUNCH,IQVIA
INTEL_000227,TER_SO_01,11,34,43.64,12.25,LAST_LAUNCH,IQVIA
INTEL_000228,TER_SO_01,12,37,46.96,5.0,LAST_LAUNCH,Symphony Health
INTEL_000229,TER_SO_01,13,44,44.12,8.29,LAST_LAUNCH,IQVIA
INTEL_000230,TER_SO_01,14,35,45.43,11.99,LAST_LAUNCH,IQVIA
INTEL_000231,TER_SO_01,15,40,46.26,6.23,LAST_LAUNCH,IQVIA
INTEL_000232,TER_SO_01,16,38,48.26,10.82,LAST_LAUNCH,Symphony Health
INTEL_000233,TER_SO_01,17,45,46.55,6.07,LAST_LAUNCH,Symphony Health
INTEL_000234,TER_SO_01,18,37,48.18,5.0,LAST_LAUNCH,Symphony Health
INTEL_000235,TER_SO_01,19,42,47.57,5.0,LAST_LAUNCH,IQVIA
INTEL_000236,TER_SO_01,20,36,45.71,7.07,LAST_LAUNCH,IQVIA
INTEL_000237,TER_SO_01,21,45,42.88,8.93,LAST_LAUNCH,IQVIA
INTEL_000238,TER_SO_01,22,45,43.74,6.97,LAST_LAUNCH,Symphony Health
INTEL_000239,TER_SO_01,23,36,42.76,12.23,LAST_LAUNCH,IQVIA
INTEL_000240,TER_SO_01,24,36,48.19,5.0,LAST_LAUNCH,Symphony Health
INTEL_000241,TER_SO_01,25,43,43.25,8.79,LAST_LAUNCH,IQVIA
INTEL_000242,TER_SO_01,26,45,46.5,10.6,LAST_LAUNCH,IQVIA
INTEL_000243,TER_SO_01,27,36,43.41,7.17,LAST_LAUNCH,Symphony Health
INTEL_000244,TER_SO_01,28,37,45.81,7.93,LAST_LAUNCH,IQVIA
INTEL_000245,TER_SO_01,29,46,45.63,9.3,LAST_LAUNCH,IQVIA
INTEL_000246,TER_SO_01,30,36,44.77,6.95,LAST_LAUNCH,IQVIA
INTEL_000247,TER_SO_01,31,46,46.68,5.0,LAST_LAUNCH,IQVIA
INTEL_000248,TER_SO_01,32,34,47.89,5.0,LAST_LAUNCH,IQVIA
INTEL_000249,TER_SO_01,33,38,44.24,15.23,LAST_LAUNCH,Symphony Health
INTEL_000250,TER_SO_01,34,44,47.9,8.85,LAST_LAUNCH,Symphony Health
INTEL_000251,TER_SO_01,35,35,45.84,9.79,LAST_LAUNCH,Symphony Health
INTEL_000252,TER_SO_01,36,39,43.03,7.03,LAST_LAUNCH,IQVIA
INTEL_000253,TER_SO_01,37,36,44.86,5.6,LAST_LAUNCH,IQVIA
INTEL_000254,TER_SO_01,38,41,46.14,10.35,LAST_LAUNCH,IQVIA
INTEL_000255,TER_SO_01,39,47,45.39,9.6,LAST_LAUNCH,IQVIA
INTEL_000256,TER_SO_01,40,42,44.07,6.54,LAST_LAUNCH,IQVIA
INTEL_000257,TER_SO_01,41,45,46.75,7.99,LAST_LAUNCH,Symphony Health
INTEL_000258,TER_SO_01,42,44,44.04,11.66,LAST_LAUNCH,Symphony Health
INTEL_000259,TER_SO_01,43,42,48.32,5.0,LAST_LAUNCH,IQVIA
INTEL_000260,TER_SO_01,44,35,47.57,5.0,LAST_LAUNCH,IQVIA
INTEL_000261,TER_SO_01,45,35,45.96,8.05,LAST_LAUNCH,IQVIA
INTEL_000262,TER_SO_01,46,43,43.28,10.9,LAST_LAUNCH,IQVIA
INTEL_000263,TER_SO_01,47,42,43.18,15.48,LAST_LAUNCH,IQVIA
INTEL_000264,TER_SO_01,48,42,47.97,6.19,LAST_LAUNCH,IQVIA
INTEL_000265,TER_SO_01,49,38,47.76,6.18,LAST_LAUNCH,Symphony Health
INTEL_000266,TER_SO_01,50,40,48.52,7.66,LAST_LAUNCH,Symphony Health
INTEL_000267,TER_SO_01,51,44,44.42,7.06,LAST_LAUNCH,Symphony Health
INTEL_000268,TER_SO_01,52,35,45.96,10.31,LAST_LAUNCH,IQVIA
INTEL_000269,TER_SO_01,1,42,33.39,29.9,CURRENT_LAUNCH,Symphony Health
INTEL_000270,TER_SO_01,2,49,35.04,29.08,CURRENT_LAUNCH,IQVIA
INTEL_000271,TER_SO_01,3,52,35.03,30.6,CURRENT_LAUNCH,Symphony Health
INTEL_000272,TER_SO_01,4,44,35.46,30.41,CURRENT_LAUNCH,IQVIA
INTEL_000273,TER_SO_01,5,44,37.59,28.51,CURRENT_LAUNCH,Symphony Health
INTEL_000274,TER_SO_01,6,51,37.75,23.15,CURRENT_LAUNCH,Symphony Health
INTEL_000275,TER_SO_01,7,42,42.34,24.23,CURRENT_LAUNCH,IQVIA
INTEL_000276,TER_SO_01,8,47,38.75,26.82,CURRENT_LAUNCH,IQVIA
INTEL_000277,TER_SO_01,9,37,41.36,21.96,CURRENT_LAUNCH,Symphony Health
INTEL_000278,TER_SO_01,10,41,43.03,25.25,CURRENT_LAUNCH,IQVIA
INTEL_000279,TER_SO_01,11,33,47.06,22.89,CURRENT_LAUNCH,IQVIA
INTEL_000280,TER_SO_01,12,37,47.11,16.36,CURRENT_LAUNCH,Symphony Health
INTEL_000281,TER_SO_01,13,41,46.97,22.79,CURRENT_LAUNCH,IQVIA
INTEL_000282,TER_SO_01,14,34,45.11,17.74,CURRENT_LAUNCH,IQVIA
INTEL_000283,TER_SO_01,15,43,45.74,20.36,CURRENT_LAUNCH,IQVIA
INTEL_000284,TER_SO_01,16,43,44.08,23.72,CURRENT_LAUNCH,Symphony Health
INTEL_000285,TER_SO_01,17,34,45.42,21.06,CURRENT_LAUNCH,Symphony Health
INTEL_000286,TER_SO_01,18,43,42.17,20.02,CURRENT_LAUNCH,Symphony Health
INTEL_000287,TER_SO_01,19,42,42.41,23.83,CURRENT_LAUNCH,IQVIA
INTEL_000288,TER_SO_01,20,39,44.06,19.78,CURRENT_LAUNCH,Symphony Health
INTEL_000289,TER_SO_02,1,42,21.73,28.76,LAST_LAUNCH,IQVIA
INTEL_000290,TER_SO_02,2,42,22.21,32.2,LAST_LAUNCH,IQVIA
INTEL_000291,TER_SO_02,3,43,24.02,32.37,LAST_LAUNCH,IQVIA
INTEL_000292,TER_SO_02,4,40,25.19,32.35,LAST_LAUNCH,Symphony Health
INTEL_000293,TER_SO_02,5,35,27.56,22.8,LAST_LAUNCH,Symphony Health
INTEL_000294,TER_SO_02,6,36,28.86,24.61,LAST_LAUNCH,IQVIA
INTEL_000295,TER_SO_02,7,36,26.36,30.9,LAST_LAUNCH,IQVIA
INTEL_000296,TER_SO_02,8,42,27.14,32.1,LAST_LAUNCH,IQVIA
INTEL_000297,TER_SO_02,9,28,31.86,24.45,LAST_LAUNCH,IQVIA
INTEL_000298,TER_SO_02,10,33,30.46,22.15,LAST_LAUNCH,Symphony Health
INTEL_000299,TER_SO_02,11,31,31.06,20.11,LAST_LAUNCH,IQVIA
INTEL_000300,TER_SO_02,12,28,34.31,20.0,LAST_LAUNCH,IQVIA
INTEL_000301,TER_SO_02,13,32,34.22,25.21,LAST_LAUNCH,IQVIA
INTEL_000302,TER_SO_02,14,26,33.83,25.35,LAST_LAUNCH,IQVIA
INTEL_000303,TER_SO_02,15,34,33.34,16.91,LAST_LAUNCH,Symphony Health
INTEL_000304,TER_SO_02,16,32,31.75,25.1,LAST_LAUNCH,IQVIA
INTEL_000305,TER_SO_02,17,29,35.38,23.6,LAST_LAUNCH,IQVIA
INTEL_000306,TER_SO_02,18,27,33.86,17.91,LAST_LAUNCH,IQVIA
INTEL_000307,TER_SO_02,19,33,31.46,22.42,LAST_LAUNCH,Symphony Health
INTEL_000308,TER_SO_02,20,34,34.11,24.61,LAST_LAUNCH,IQVIA
INTEL_000309,TER_SO_02,21,30,31.22,28.37,LAST_LAUNCH,IQVIA
INTEL_000310,TER_SO_02,22,34,31.59,26.2,LAST_LAUNCH,Symphony Health
INTEL_000311,TER_SO_02,23,27,33.94,26.02,LAST_LAUNCH,IQVIA
INTEL_000312,TER_SO_02,24,33,32.92,25.9,LAST_LAUNCH,IQVIA
INTEL_000313,TER_SO_02,25,34,32.8,26.62,LAST_LAUNCH,IQVIA
INTEL_000314,TER_SO_02,26,29,31.88,18.67,LAST_LAUNCH,Symphony Health
INTEL_000315,TER_SO_02,27,28,33.28,25.23,LAST_LAUNCH,IQVIA
INTEL_000316,TER_SO_02,28,34,34.94,21.07,LAST_LAUNCH,Symphony Health
INTEL_000317,TER_SO_02,29,31,29.6,22.03,LAST_LAUNCH,IQVIA
INTEL_000318,TER_SO_02,30,35,34.83,19.64,LAST_LAUNCH,IQVIA
INTEL_000319,TER_SO_02,31,30,35.33,21.03,LAST_LAUNCH,IQVIA
INTEL_000320,TER_SO_02,32,32,30.34,25.76,LAST_LAUNCH,IQVIA
INTEL_000321,TER_SO_02,33,33,30.9,28.32,LAST_LAUNCH,Symphony Health
INTEL_000322,TER_SO_02,34,26,30.81,20.33,LAST_LAUNCH,IQVIA
INTEL_000323,TER_SO_02,35,32,35.18,19.09,LAST_LAUNCH,Symphony Health
INTEL_000324,TER_SO_02,36,28,35.51,18.57,LAST_LAUNCH,Symphony Health
INTEL_000325,TER_SO_02,37,32,33.93,17.34,LAST_LAUNCH,IQVIA
INTEL_000326,TER_SO_02,38,28,32.83,18.23,LAST_LAUNCH,IQVIA
INTEL_000327,TER_SO_02,39,34,34.19,25.52,LAST_LAUNCH,IQVIA
INTEL_000328,TER_SO_02,40,31,32.48,25.7,LAST_LAUNCH,Symphony Health
INTEL_000329,TER_SO_02,41,29,31.2,24.63,LAST_LAUNCH,IQVIA
INTEL_000330,TER_SO_02,42,34,30.19,28.25,LAST_LAUNCH,IQVIA
INTEL_000331,TER_SO_02,43,27,34.27,18.21,LAST_LAUNCH,IQVIA
INTEL_000332,TER_SO_02,44,30,32.18,22.36,LAST_LAUNCH,Symphony Health
INTEL_000333,TER_SO_02,45,32,31.07,23.29,LAST_LAUNCH,Symphony Health
INTEL_000334,TER_SO_02,46,26,35.2,18.71,LAST_LAUNCH,IQVIA
INTEL_000335,TER_SO_02,47,28,33.26,20.19,LAST_LAUNCH,IQVIA
INTEL_000336,TER_SO_02,48,32,34.48,24.39,LAST_LAUNCH,IQVIA
INTEL_000337,TER_SO_02,49,27,30.76,27.9,LAST_LAUNCH,IQVIA
INTEL_000338,TER_SO_02,50,33,30.55,25.92,LAST_LAUNCH,IQVIA
INTEL_000339,TER_SO_02,51,32,32.59,17.81,LAST_LAUNCH,Symphony Health
INTEL_000340,TER_SO_02,52,33,32.54,25.21,LAST_LAUNCH,IQVIA
INTEL_000341,TER_SO_02,1,23,25.38,29.07,CURRENT_LAUNCH,Symphony Health
INTEL_000342,TER_SO_02,2,21,26.45,30.91,CURRENT_LAUNCH,IQVIA
INTEL_000343,TER_SO_02,3,23,27.6,29.68,CURRENT_LAUNCH,Symphony Health
INTEL_000344,TER_SO_02,4,21,29.83,30.42,CURRENT_LAUNCH,Symphony Health
INTEL_000345,TER_SO_02,5,25,29.33,32.8,CURRENT_LAUNCH,Symphony Health
INTEL_000346,TER_SO_02,6,25,29.4,31.75,CURRENT_LAUNCH,IQVIA
INTEL_000347,TER_SO_02,7,22,33.88,27.43,CURRENT_LAUNCH,Symphony Health
INTEL_000348,TER_SO_02,8,23,31.2,32.62,CURRENT_LAUNCH,IQVIA
INTEL_000349,TER_SO_02,9,19,38.34,23.08,CURRENT_LAUNCH,IQVIA
INTEL_000350,TER_SO_02,10,19,35.89,26.85,CURRENT_LAUNCH,Symphony Health
INTEL_000351,TER_SO_02,11,16,36.61,22.15,CURRENT_LAUNCH,Symphony Health
INTEL_000352,TER_SO_02,12,18,37.06,26.74,CURRENT_LAUNCH,Symphony Health
INTEL_000353,TER_SO_02,13,21,38.77,28.32,CURRENT_LAUNCH,IQVIA
INTEL_000354,TER_SO_02,14,16,35.03,28.87,CURRENT_LAUNCH,IQVIA
INTEL_000355,TER_SO_02,15,16,37.37,28.68,CURRENT_LAUNCH,Symphony Health
INTEL_000356,TER_SO_02,16,21,34.17,26.31,CURRENT_LAUNCH,IQVIA
INTEL_000357,TER_SO_02,17,20,34.69,26.56,CURRENT_LAUNCH,Symphony Health
INTEL_000358,TER_SO_02,18,19,36.84,28.61,CURRENT_LAUNCH,Symphony Health
INTEL_000359,TER_SO_02,19,17,35.24,28.54,CURRENT_LAUNCH,IQVIA
INTEL_000360,TER_SO_02,20,19,34.28,31.11,CURRENT_LAUNCH,Symphony Health
INTEL_000361,TER_SO_03,1,40,23.36,31.59,LAST_LAUNCH,IQVIA
INTEL_000362,TER_SO_03,2,36,24.69,30.96,LAST_LAUNCH,IQVIA
INTEL_000363,TER_SO_03,3,42,26.36,29.74,LAST_LAUNCH,IQVIA
INTEL_000364,TER_SO_03,4,40,26.46,29.36,LAST_LAUNCH,Symphony Health
INTEL_000365,TER_SO_03,5,41,29.52,23.96,LAST_LAUNCH,IQVIA
INTEL_000366,TER_SO_03,6,43,30.94,23.74,LAST_LAUNCH,IQVIA
INTEL_000367,TER_SO_03,7,43,30.41,23.4,LAST_LAUNCH,IQVIA
INTEL_000368,TER_SO_03,8,35,33.7,20.52,LAST_LAUNCH,IQVIA
INTEL_000369,TER_SO_03,9,28,35.64,18.27,LAST_LAUNCH,IQVIA
INTEL_000370,TER_SO_03,10,32,36.79,15.48,LAST_LAUNCH,IQVIA
INTEL_000371,TER_SO_03,11,32,37.13,16.54,LAST_LAUNCH,IQVIA
INTEL_000372,TER_SO_03,12,29,36.49,18.65,LAST_LAUNCH,Symphony Health
INTEL_000373,TER_SO_03,13,33,33.81,23.2,LAST_LAUNCH,Symphony Health
INTEL_000374,TER_SO_03,14,33,32.95,18.29,LAST_LAUNCH,Symphony Health
INTEL_000375,TER_SO_03,15,36,33.66,25.24,LAST_LAUNCH,Symphony Health
INTEL_000376,TER_SO_03,16,36,36.01,15.67,LAST_LAUNCH,IQVIA
INTEL_000377,TER_SO_03,17,29,33.81,25.34,LAST_LAUNCH,IQVIA
INTEL_000378,TER_SO_03,18,33,33.24,26.36,LAST_LAUNCH,Symphony Health
INTEL_000379,TER_SO_03,19,31,34.14,23.81,LAST_LAUNCH,IQVIA
INTEL_000380,TER_SO_03,20,31,36.05,22.46,LAST_LAUNCH,IQVIA
INTEL_000381,TER_SO_03,21,36,32.36,24.71,LAST_LAUNCH,Symphony Health
INTEL_000382,TER_SO_03,22,30,32.8,23.7,LAST_LAUNCH,Symphony Health
INTEL_000383,TER_SO_03,23,30,35.35,24.11,LAST_LAUNCH,IQVIA
INTEL_000384,TER_SO_03,24,29,32.65,21.36,LAST_LAUNCH,Symphony Health
INTEL_000385,TER_SO_03,25,32,32.44,24.16,LAST_LAUNCH,IQVIA
INTEL_000386,TER_SO_03,26,30,32.69,20.1,LAST_LAUNCH,IQVIA
INTEL_000387,TER_SO_03,27,36,32.55,18.75,LAST_LAUNCH,IQVIA
INTEL_000388,TER_SO_03,28,33,34.52,18.75,LAST_LAUNCH,IQVIA
INTEL_000389,TER_SO_03,29,30,36.14,22.41,LAST_LAUNCH,IQVIA
INTEL_000390,TER_SO_03,30,29,35.32,16.32,LAST_LAUNCH,Symphony Health
INTEL_000391,TER_SO_03,31,29,33.03,22.14,LAST_LAUNCH,Symphony Health
INTEL_000392,TER_SO_03,32,35,36.59,20.58,LAST_LAUNCH,IQVIA
INTEL_000393,TER_SO_03,33,32,36.2,17.23,LAST_LAUNCH,IQVIA
INTEL_000394,TER_SO_03,34,27,34.42,17.11,LAST_LAUNCH,IQVIA
INTEL_000395,TER_SO_03,35,29,31.63,23.01,LAST_LAUNCH,Symphony Health
INTEL_000396,TER_SO_03,36,34,34.53,19.19,LAST_LAUNCH,IQVIA
INTEL_000397,TER_SO_03,37,36,36.98,22.37,LAST_LAUNCH,IQVIA
INTEL_000398,TER_SO_03,38,35,35.24,15.43,LAST_LAUNCH,IQVIA
INTEL_000399,TER_SO_03,39,36,37.07,14.85,LAST_LAUNCH,IQVIA
INTEL_000400,TER_SO_03,40,30,31.45,21.81,LAST_LAUNCH,IQVIA
INTEL_000401,TER_SO_03,41,32,36.0,20.24,LAST_LAUNCH,IQVIA
INTEL_000402,TER_SO_03,42,27,37.04,20.42,LAST_LAUNCH,IQVIA
INTEL_000403,TER_SO_03,43,30,37.05,17.92,LAST_LAUNCH,IQVIA
INTEL_000404,TER_SO_03,44,33,35.87,18.15,LAST_LAUNCH,IQVIA
INTEL_000405,TER_SO_03,45,32,32.95,26.78,LAST_LAUNCH,Symphony Health
INTEL_000406,TER_SO_03,46,34,32.21,26.36,LAST_LAUNCH,IQVIA
INTEL_000407,TER_SO_03,47,35,34.34,25.12,LAST_LAUNCH,IQVIA
INTEL_000408,TER_SO_03,48,32,33.72,19.26,LAST_LAUNCH,IQVIA
INTEL_000409,TER_SO_03,49,31,32.78,23.26,LAST_LAUNCH,IQVIA
INTEL_000410,TER_SO_03,50,32,33.44,22.63,LAST_LAUNCH,IQVIA
INTEL_000411,TER_SO_03,51,29,31.64,18.45,LAST_LAUNCH,IQVIA
INTEL_000412,TER_SO_03,52,32,31.46,22.04,LAST_LAUNCH,IQVIA
INTEL_000413,TER_SO_03,1,29,26.06,32.45,CURRENT_LAUNCH,IQVIA
INTEL_000414,TER_SO_03,2,27,27.31,29.24,CURRENT_LAUNCH,IQVIA
INTEL_000415,TER_SO_03,3,24,28.81,26.74,CURRENT_LAUNCH,IQVIA
INTEL_000416,TER_SO_03,4,27,29.87,31.23,CURRENT_LAUNCH,Symphony Health
INTEL_000417,TER_SO_03,5,27,32.22,30.68,CURRENT_LAUNCH,IQVIA
INTEL_000418,TER_SO_03,6,27,33.12,25.6,CURRENT_LAUNCH,IQVIA
INTEL_000419,TER_SO_03,7,28,34.08,24.27,CURRENT_LAUNCH,IQVIA
INTEL_000420,TER_SO_03,8,29,33.7,24.4,CURRENT_LAUNCH,Symphony Health
INTEL_000421,TER_SO_03,9,19,35.72,30.22,CURRENT_LAUNCH,IQVIA
INTEL_000422,TER_SO_03,10,19,36.26,28.34,CURRENT_LAUNCH,IQVIA
INTEL_000423,TER_SO_03,11,21,34.79,25.3,CURRENT_LAUNCH,IQVIA
INTEL_000424,TER_SO_03,12,24,36.02,29.46,CURRENT_LAUNCH,IQVIA
INTEL_000425,TER_SO_03,13,20,37.56,28.92,CURRENT_LAUNCH,Symphony Health
INTEL_000426,TER_SO_03,14,19,34.82,24.88,CURRENT_LAUNCH,Symphony Health
INTEL_000427,TER_SO_03,15,24,40.03,23.86,CURRENT_LAUNCH,IQVIA
INTEL_000428,TER_SO_03,16,19,36.82,24.99,CURRENT_LAUNCH,IQVIA
INTEL_000429,TER_SO_03,17,19,34.5,29.53,CURRENT_LAUNCH,IQVIA
INTEL_000430,TER_SO_03,18,24,35.81,25.85,CURRENT_LAUNCH,Symphony Health
INTEL_000431,TER_SO_03,19,23,39.77,26.23,CURRENT_LAUNCH,Symphony Health
INTEL_000432,TER_SO_03,20,25,35.54,23.69,CURRENT_LAUNCH,IQVIA
INTEL_000433,TER_MI_01,1,56,31.66,28.05,LAST_LAUNCH,Symphony Health
INTEL_000434,TER_MI_01,2,63,32.79,17.97,LAST_LAUNCH,Symphony Health
INTEL_000435,TER_MI_01,3,64,33.03,18.09,LAST_LAUNCH,IQVIA
INTEL_000436,TER_MI_01,4,58,35.39,17.29,LAST_LAUNCH,Symphony Health
INTEL_000437,TER_MI_01,5,59,36.8,14.44,LAST_LAUNCH,IQVIA
INTEL_000438,TER_MI_01,6,62,37.12,22.24,LAST_LAUNCH,IQVIA
INTEL_000439,TER_MI_01,7,63,40.49,10.07,LAST_LAUNCH,IQVIA
INTEL_000440,TER_MI_01,8,62,38.08,17.11,LAST_LAUNCH,Symphony Health
INTEL_000441,TER_MI_01,9,51,44.9,14.68,LAST_LAUNCH,IQVIA
INTEL_000442,TER_MI_01,10,47,40.21,11.09,LAST_LAUNCH,Symphony Health
INTEL_000443,TER_MI_01,11,45,42.68,13.56,LAST_LAUNCH,Symphony Health
INTEL_000444,TER_MI_01,12,48,44.25,11.34,LAST_LAUNCH,IQVIA
INTEL_000445,TER_MI_01,13,54,43.0,14.09,LAST_LAUNCH,IQVIA
INTEL_000446,TER_MI_01,14,51,40.93,10.97,LAST_LAUNCH,Symphony Health
INTEL_000447,TER_MI_01,15,49,45.09,9.26,LAST_LAUNCH,IQVIA
INTEL_000448,TER_MI_01,16,53,44.15,15.17,LAST_LAUNCH,Symphony Health
INTEL_000449,TER_MI_01,17,52,43.23,10.54,LAST_LAUNCH,IQVIA
INTEL_000450,TER_MI_01,18,56,44.1,10.17,LAST_LAUNCH,Symphony Health
INTEL_000451,TER_MI_01,19,46,43.5,9.24,LAST_LAUNCH,Symphony Health
INTEL_000452,TER_MI_01,20,44,44.62,11.97,LAST_LAUNCH,Symphony Health
INTEL_000453,TER_MI_01,21,51,44.22,14.23,LAST_LAUNCH,Symphony Health
INTEL_000454,TER_MI_01,22,42,44.78,13.55,LAST_LAUNCH,IQVIA
INTEL_000455,TER_MI_01,23,55,40.24,19.02,LAST_LAUNCH,IQVIA
INTEL_000456,TER_MI_01,24,52,43.15,14.77,LAST_LAUNCH,Symphony Health
INTEL_000457,TER_MI_01,25,47,42.84,17.14,LAST_LAUNCH,IQVIA
INTEL_000458,TER_MI_01,26,57,44.27,12.05,LAST_LAUNCH,Symphony Health
INTEL_000459,TER_MI_01,27,52,41.6,13.4,LAST_LAUNCH,IQVIA
INTEL_000460,TER_MI_01,28,56,42.48,10.94,LAST_LAUNCH,Symphony Health
INTEL_000461,TER_MI_01,29,57,45.06,14.44,LAST_LAUNCH,IQVIA
INTEL_000462,TER_MI_01,30,43,44.92,10.25,LAST_LAUNCH,Symphony Health
INTEL_000463,TER_MI_01,31,47,42.41,13.84,LAST_LAUNCH,Symphony Health
INTEL_000464,TER_MI_01,32,53,44.07,14.6,LAST_LAUNCH,IQVIA
INTEL_000465,TER_MI_01,33,54,40.95,10.28,LAST_LAUNCH,IQVIA
INTEL_000466,TER_MI_01,34,50,40.1,14.72,LAST_LAUNCH,IQVIA
INTEL_000467,TER_MI_01,35,53,44.72,5.89,LAST_LAUNCH,Symphony Health
INTEL_000468,TER_MI_01,36,52,41.62,8.56,LAST_LAUNCH,IQVIA
INTEL_000469,TER_MI_01,37,45,40.45,13.04,LAST_LAUNCH,IQVIA
INTEL_000470,TER_MI_01,38,56,43.89,7.76,LAST_LAUNCH,IQVIA
INTEL_000471,TER_MI_01,39,48,45.15,11.45,LAST_LAUNCH,Symphony Health
INTEL_000472,TER_MI_01,40,48,43.03,13.01,LAST_LAUNCH,IQVIA
INTEL_000473,TER_MI_01,41,56,40.27,10.15,LAST_LAUNCH,IQVIA
INTEL_000474,TER_MI_01,42,44,39.46,19.58,LAST_LAUNCH,IQVIA
INTEL_000475,TER_MI_01,43,49,41.47,9.22,LAST_LAUNCH,IQVIA
INTEL_000476,TER_MI_01,44,48,44.07,14.35,LAST_LAUNCH,IQVIA
INTEL_000477,TER_MI_01,45,51,43.48,7.08,LAST_LAUNCH,IQVIA
INTEL_000478,TER_MI_01,46,49,44.71,10.64,LAST_LAUNCH,IQVIA
INTEL_000479,TER_MI_01,47,47,40.11,15.57,LAST_LAUNCH,Symphony Health
INTEL_000480,TER_MI_01,48,44,45.02,9.74,LAST_LAUNCH,Symphony Health
INTEL_000481,TER_MI_01,49,42,42.97,12.16,LAST_LAUNCH,Symphony Health
INTEL_000482,TER_MI_01,50,46,42.27,14.39,LAST_LAUNCH,Symphony Health
INTEL_000483,TER_MI_01,51,56,39.55,18.71,LAST_LAUNCH,Symphony Health
INTEL_000484,TER_MI_01,52,53,43.61,15.27,LAST_LAUNCH,IQVIA
INTEL_000485,TER_MI_01,1,55,33.67,25.7,CURRENT_LAUNCH,Symphony Health
INTEL_000486,TER_MI_01,2,44,34.49,26.12,CURRENT_LAUNCH,Symphony Health
INTEL_000487,TER_MI_01,3,50,36.45,24.52,CURRENT_LAUNCH,Symphony Health
INTEL_000488,TER_MI_01,4,52,36.6,24.43,CURRENT_LAUNCH,IQVIA
INTEL_000489,TER_MI_01,5,52,39.03,22.37,CURRENT_LAUNCH,IQVIA
INTEL_000490,TER_MI_01,6,53,40.82,25.25,CURRENT_LAUNCH,IQVIA
INTEL_000491,TER_MI_01,7,55,39.54,26.41,CURRENT_LAUNCH,IQVIA
INTEL_000492,TER_MI_01,8,45,40.27,21.15,CURRENT_LAUNCH,Symphony Health
INTEL_000493,TER_MI_01,9,36,41.57,22.09,CURRENT_LAUNCH,IQVIA
INTEL_000494,TER_MI_01,10,41,45.21,21.01,CURRENT_LAUNCH,IQVIA
INTEL_000495,TER_MI_01,11,34,45.93,22.48,CURRENT_LAUNCH,IQVIA
INTEL_000496,TER_MI_01,12,40,45.46,21.06,CURRENT_LAUNCH,IQVIA
INTEL_000497,TER_MI_01,13,43,43.39,24.26,CURRENT_LAUNCH,IQVIA
INTEL_000498,TER_MI_01,14,35,45.97,18.94,CURRENT_LAUNCH,IQVIA
INTEL_000499,TER_MI_01,15,39,44.42,21.63,CURRENT_LAUNCH,IQVIA
INTEL_000500,TER_MI_01,16,34,46.2,19.15,CURRENT_LAUNCH,IQVIA
INTEL_000501,TER_MI_01,17,39,46.46,20.33,CURRENT_LAUNCH,IQVIA
INTEL_000502,TER_MI_01,18,35,45.29,24.42,CURRENT_LAUNCH,IQVIA
INTEL_000503,TER_MI_01,19,44,43.95,22.6,CURRENT_LAUNCH,Symphony Health
INTEL_000504,TER_MI_01,20,39,44.66,24.5,CURRENT_LAUNCH,Symphony Health
INTEL_000505,TER_MI_02,1,36,21.17,37.29,LAST_LAUNCH,IQVIA
INTEL_000506,TER_MI_02,2,35,22.68,33.04,LAST_LAUNCH,IQVIA
INTEL_000507,TER_MI_02,3,34,24.51,26.67,LAST_LAUNCH,Symphony Health
INTEL_000508,TER_MI_02,4,32,25.18,34.16,LAST_LAUNCH,Symphony Health
INTEL_000509,TER_MI_02,5,32,26.0,29.5,LAST_LAUNCH,IQVIA
INTEL_000510,TER_MI_02,6,36,27.0,26.99,LAST_LAUNCH,IQVIA
INTEL_000511,TER_MI_02,7,36,26.99,27.1,LAST_LAUNCH,Symphony Health
INTEL_000512,TER_MI_02,8,35,29.86,23.55,LAST_LAUNCH,IQVIA
INTEL_000513,TER_MI_02,9,23,33.74,16.8,LAST_LAUNCH,Symphony Health
INTEL_000514,TER_MI_02,10,29,30.27,22.07,LAST_LAUNCH,IQVIA
INTEL_000515,TER_MI_02,11,26,29.83,23.48,LAST_LAUNCH,IQVIA
INTEL_000516,TER_MI_02,12,28,30.08,29.55,LAST_LAUNCH,Symphony Health
INTEL_000517,TER_MI_02,13,29,34.74,18.69,LAST_LAUNCH,IQVIA
INTEL_000518,TER_MI_02,14,29,29.28,23.76,LAST_LAUNCH,IQVIA
INTEL_000519,TER_MI_02,15,27,33.5,17.28,LAST_LAUNCH,IQVIA
INTEL_000520,TER_MI_02,16,29,29.62,24.47,LAST_LAUNCH,IQVIA
INTEL_000521,TER_MI_02,17,25,34.46,17.14,LAST_LAUNCH,Symphony Health
INTEL_000522,TER_MI_02,18,25,30.5,21.18,LAST_LAUNCH,IQVIA
INTEL_000523,TER_MI_02,19,28,30.67,28.63,LAST_LAUNCH,IQVIA
INTEL_000524,TER_MI_02,20,30,31.57,22.99,LAST_LAUNCH,IQVIA
INTEL_000525,TER_MI_02,21,31,32.74,18.33,LAST_LAUNCH,Symphony Health
INTEL_000526,TER_MI_02,22,30,29.57,23.12,LAST_LAUNCH,Symphony Health
INTEL_000527,TER_MI_02,23,24,34.95,24.03,LAST_LAUNCH,Symphony Health
INTEL_000528,TER_MI_02,24,30,32.03,20.9,LAST_LAUNCH,IQVIA
INTEL_000529,TER_MI_02,25,31,34.96,19.32,LAST_LAUNCH,Symphony Health
INTEL_000530,TER_MI_02,26,26,31.75,21.15,LAST_LAUNCH,IQVIA
INTEL_000531,TER_MI_02,27,28,34.3,21.22,LAST_LAUNCH,IQVIA
INTEL_000532,TER_MI_02,28,29,33.69,16.94,LAST_LAUNCH,Symphony Health
INTEL_000533,TER_MI_02,29,31,32.7,26.3,LAST_LAUNCH,IQVIA
INTEL_000534,TER_MI_02,30,27,31.18,22.84,LAST_LAUNCH,IQVIA
INTEL_000535,TER_MI_02,31,30,31.24,24.47,LAST_LAUNCH,IQVIA
INTEL_000536,TER_MI_02,32,26,33.41,21.63,LAST_LAUNCH,Symphony Health
INTEL_000537,TER_MI_02,33,25,32.33,27.6,LAST_LAUNCH,IQVIA
INTEL_000538,TER_MI_02,34,31,30.09,23.11,LAST_LAUNCH,IQVIA
INTEL_000539,TER_MI_02,35,29,33.5,22.94,LAST_LAUNCH,IQVIA
INTEL_000540,TER_MI_02,36,26,30.06,23.06,LAST_LAUNCH,IQVIA
INTEL_000541,TER_MI_02,37,31,33.59,25.92,LAST_LAUNCH,IQVIA
INTEL_000542,TER_MI_02,38,23,35.11,16.51,LAST_LAUNCH,IQVIA
INTEL_000543,TER_MI_02,39,29,33.59,17.0,LAST_LAUNCH,Symphony Health
INTEL_000544,TER_MI_02,40,30,29.73,23.22,LAST_LAUNCH,Symphony Health
INTEL_000545,TER_MI_02,41,23,31.02,20.37,LAST_LAUNCH,IQVIA
INTEL_000546,TER_MI_02,42,31,29.37,29.3,LAST_LAUNCH,IQVIA
INTEL_000547,TER_MI_02,43,24,34.59,22.56,LAST_LAUNCH,IQVIA
INTEL_000548,TER_MI_02,44,29,32.67,26.68,LAST_LAUNCH,IQVIA
INTEL_000549,TER_MI_02,45,27,29.53,24.61,LAST_LAUNCH,IQVIA
INTEL_000550,TER_MI_02,46,29,32.23,21.85,LAST_LAUNCH,IQVIA
INTEL_000551,TER_MI_02,47,29,30.15,21.04,LAST_LAUNCH,IQVIA
INTEL_000552,TER_MI_02,48,26,32.17,22.28,LAST_LAUNCH,Symphony Health
INTEL_000553,TER_MI_02,49,31,30.4,26.57,LAST_LAUNCH,Symphony Health
INTEL_000554,TER_MI_02,50,29,34.68,20.14,LAST_LAUNCH,IQVIA
INTEL_000555,TER_MI_02,51,26,31.56,24.19,LAST_LAUNCH,IQVIA
INTEL_000556,TER_MI_02,52,29,34.59,22.07,LAST_LAUNCH,Symphony Health
INTEL_000557,TER_MI_02,1,39,23.72,32.21,CURRENT_LAUNCH,IQVIA
INTEL_000558,TER_MI_02,2,35,25.01,35.77,CURRENT_LAUNCH,IQVIA
INTEL_000559,TER_MI_02,3,39,26.99,29.34,CURRENT_LAUNCH,Symphony Health
INTEL_000560,TER_MI_02,4,33,27.41,35.39,CURRENT_LAUNCH,Symphony Health
INTEL_000561,TER_MI_02,5,33,29.76,28.37,CURRENT_LAUNCH,Symphony Health
INTEL_000562,TER_MI_02,6,33,31.43,28.07,CURRENT_LAUNCH,IQVIA
INTEL_000563,TER_MI_02,7,40,29.78,31.99,CURRENT_LAUNCH,IQVIA
INTEL_000564,TER_MI_02,8,40,33.79,29.28,CURRENT_LAUNCH,IQVIA
INTEL_000565,TER_MI_02,9,29,37.19,22.58,CURRENT_LAUNCH,IQVIA
INTEL_000566,TER_MI_02,10,30,34.71,30.39,CURRENT_LAUNCH,IQVIA
INTEL_000567,TER_MI_02,11,30,35.38,30.65,CURRENT_LAUNCH,IQVIA
INTEL_000568,TER_MI_02,12,26,33.19,30.18,CURRENT_LAUNCH,IQVIA
INTEL_000569,TER_MI_02,13,30,32.39,25.35,CURRENT_LAUNCH,Symphony Health
INTEL_000570,TER_MI_02,14,31,36.93,22.49,CURRENT_LAUNCH,Symphony Health
INTEL_000571,TER_MI_02,15,30,33.26,25.74,CURRENT_LAUNCH,IQVIA
INTEL_000572,TER_MI_02,16,32,33.12,28.35,CURRENT_LAUNCH,Symphony Health
INTEL_000573,TER_MI_02,17,30,36.75,24.68,CURRENT_LAUNCH,IQVIA
INTEL_000574,TER_MI_02,18,33,35.39,24.54,CURRENT_LAUNCH,IQVIA
INTEL_000575,TER_MI_02,19,33,37.22,26.6,CURRENT_LAUNCH,IQVIA
INTEL_000576,TER_MI_02,20,27,34.68,26.37,CURRENT_LAUNCH,IQVIA
INTEL_000577,TER_MI_03,1,36,22.09,35.66,LAST_LAUNCH,Symphony Health
INTEL_000578,TER_MI_03,2,40,23.92,34.78,LAST_LAUNCH,Symphony Health
INTEL_000579,TER_MI_03,3,38,24.3,29.95,LAST_LAUNCH,IQVIA
INTEL_000580,TER_MI_03,4,37,24.76,31.37,LAST_LAUNCH,IQVIA
INTEL_000581,TER_MI_03,5,33,26.9,24.36,LAST_LAUNCH,IQVIA
INTEL_000582,TER_MI_03,6,39,26.41,32.98,LAST_LAUNCH,IQVIA
INTEL_000583,TER_MI_03,7,40,28.2,27.63,LAST_LAUNCH,IQVIA
INTEL_000584,TER_MI_03,8,41,28.52,27.94,LAST_LAUNCH,Symphony Health
INTEL_000585,TER_MI_03,9,27,35.2,16.18,LAST_LAUNCH,IQVIA
INTEL_000586,TER_MI_03,10,25,34.1,20.24,LAST_LAUNCH,Symphony Health
INTEL_000587,TER_MI_03,11,25,33.02,24.91,LAST_LAUNCH,IQVIA
INTEL_000588,TER_MI_03,12,26,35.2,24.65,LAST_LAUNCH,IQVIA
INTEL_000589,TER_MI_03,13,28,34.11,18.56,LAST_LAUNCH,Symphony Health
INTEL_000590,TER_MI_03,14,34,34.62,19.65,LAST_LAUNCH,IQVIA
INTEL_000591,TER_MI_03,15,33,31.77,18.62,LAST_LAUNCH,Symphony Health
INTEL_000592,TER_MI_03,16,25,31.82,22.78,LAST_LAUNCH,IQVIA
INTEL_000593,TER_MI_03,17,30,33.84,18.99,LAST_LAUNCH,Symphony Health
INTEL_000594,TER_MI_03,18,28,30.16,28.77,LAST_LAUNCH,IQVIA
INTEL_000595,TER_MI_03,19,34,34.54,21.56,LAST_LAUNCH,IQVIA
INTEL_000596,TER_MI_03,20,28,36.14,22.73,LAST_LAUNCH,Symphony Health
INTEL_000597,TER_MI_03,21,27,33.37,20.59,LAST_LAUNCH,IQVIA
INTEL_000598,TER_MI_03,22,27,33.76,24.46,LAST_LAUNCH,IQVIA
INTEL_000599,TER_MI_03,23,31,31.18,24.25,LAST_LAUNCH,IQVIA
INTEL_000600,TER_MI_03,24,34,35.03,23.43,LAST_LAUNCH,IQVIA
INTEL_000601,TER_MI_03,25,29,33.82,20.67,LAST_LAUNCH,IQVIA
INTEL_000602,TER_MI_03,26,30,30.57,22.61,LAST_LAUNCH,IQVIA
INTEL_000603,TER_MI_03,27,32,31.86,21.15,LAST_LAUNCH,IQVIA
INTEL_000604,TER_MI_03,28,27,32.36,19.74,LAST_LAUNCH,Symphony Health
INTEL_000605,TER_MI_03,29,26,31.0,20.53,LAST_LAUNCH,IQVIA
INTEL_000606,TER_MI_03,30,31,34.3,16.44,LAST_LAUNCH,Symphony Health
INTEL_000607,TER_MI_03,31,32,35.09,21.67,LAST_LAUNCH,IQVIA
INTEL_000608,TER_MI_03,32,29,31.33,26.14,LAST_LAUNCH,IQVIA
INTEL_000609,TER_MI_03,33,34,34.53,21.16,LAST_LAUNCH,Symphony Health
INTEL_000610,TER_MI_03,34,29,31.71,24.42,LAST_LAUNCH,IQVIA
INTEL_000611,TER_MI_03,35,28,34.11,24.27,LAST_LAUNCH,IQVIA
INTEL_000612,TER_MI_03,36,32,31.54,18.89,LAST_LAUNCH,Symphony Health
INTEL_000613,TER_MI_03,37,33,32.17,27.38,LAST_LAUNCH,IQVIA
INTEL_000614,TER_MI_03,38,25,31.75,27.42,LAST_LAUNCH,IQVIA
INTEL_000615,TER_MI_03,39,29,32.6,18.57,LAST_LAUNCH,IQVIA
INTEL_000616,TER_MI_03,40,27,32.26,19.2,LAST_LAUNCH,Symphony Health
INTEL_000617,TER_MI_03,41,28,33.79,19.9,LAST_LAUNCH,IQVIA
INTEL_000618,TER_MI_03,42,32,33.47,16.96,LAST_LAUNCH,Symphony Health
INTEL_000619,TER_MI_03,43,31,32.34,22.62,LAST_LAUNCH,IQVIA
INTEL_000620,TER_MI_03,44,34,34.52,21.51,LAST_LAUNCH,Symphony Health
INTEL_000621,TER_MI_03,45,31,35.12,17.12,LAST_LAUNCH,IQVIA
INTEL_000622,TER_MI_03,46,34,31.19,27.24,LAST_LAUNCH,IQVIA
INTEL_000623,TER_MI_03,47,29,35.22,23.19,LAST_LAUNCH,Symphony Health
INTEL_000624,TER_MI_03,48,26,36.09,22.46,LAST_LAUNCH,IQVIA
INTEL_000625,TER_MI_03,49,29,30.92,21.11,LAST_LAUNCH,IQVIA
INTEL_000626,TER_MI_03,50,30,31.56,23.96,LAST_LAUNCH,Symphony Health
INTEL_000627,TER_MI_03,51,27,33.45,20.16,LAST_LAUNCH,IQVIA
INTEL_000628,TER_MI_03,52,26,30.63,20.81,LAST_LAUNCH,IQVIA
INTEL_000629,TER_MI_03,1,37,22.71,30.72,CURRENT_LAUNCH,IQVIA
INTEL_000630,TER_MI_03,2,33,23.48,30.55,CURRENT_LAUNCH,IQVIA
INTEL_000631,TER_MI_03,3,38,25.46,29.97,CURRENT_LAUNCH,IQVIA
INTEL_000632,TER_MI_03,4,30,25.77,32.49,CURRENT_LAUNCH,Symphony Health
INTEL_000633,TER_MI_03,5,32,26.78,28.09,CURRENT_LAUNCH,Symphony Health
INTEL_000634,TER_MI_03,6,39,26.71,35.32,CURRENT_LAUNCH,Symphony Health
INTEL_000635,TER_MI_03,7,35,28.35,28.41,CURRENT_LAUNCH,Symphony Health
INTEL_000636,TER_MI_03,8,37,29.79,27.47,CURRENT_LAUNCH,IQVIA
INTEL_000637,TER_MI_03,9,29,31.25,31.57,CURRENT_LAUNCH,IQVIA
INTEL_000638,TER_MI_03,10,29,31.83,32.64,CURRENT_LAUNCH,IQVIA
INTEL_000639,TER_MI_03,11,26,33.29,31.78,CURRENT_LAUNCH,Symphony Health
INTEL_000640,TER_MI_03,12,30,35.01,28.26,CURRENT_LAUNCH,IQVIA
INTEL_000641,TER_MI_03,13,28,34.99,25.43,CURRENT_LAUNCH,IQVIA
INTEL_000642,TER_MI_03,14,28,31.58,28.69,CURRENT_LAUNCH,Symphony Health
INTEL_000643,TER_MI_03,15,26,35.16,27.15,CURRENT_LAUNCH,IQVIA
INTEL_000644,TER_MI_03,16,25,32.46,31.78,CURRENT_LAUNCH,IQVIA
INTEL_000645,TER_MI_03,17,24,31.67,26.05,CURRENT_LAUNCH,IQVIA
INTEL_000646,TER_MI_03,18,27,32.01,25.18,CURRENT_LAUNCH,Symphony Health
INTEL_000647,TER_MI_03,19,26,33.07,30.02,CURRENT_LAUNCH,IQVIA
INTEL_000648,TER_MI_03,20,26,32.45,31.42,CURRENT_LAUNCH,IQVIA
INTEL_000649,TER_MO_01,1,34,28.56,24.12,LAST_LAUNCH,IQVIA
INTEL_000650,TER_MO_01,2,36,30.05,23.31,LAST_LAUNCH,Symphony Health
INTEL_000651,TER_MO_01,3,30,30.95,27.25,LAST_LAUNCH,Symphony Health
INTEL_000652,TER_MO_01,4,31,33.1,18.87,LAST_LAUNCH,Symphony Health
INTEL_000653,TER_MO_01,5,35,33.57,24.39,LAST_LAUNCH,Symphony Health
INTEL_000654,TER_MO_01,6,30,34.44,22.76,LAST_LAUNCH,Symphony Health
INTEL_000655,TER_MO_01,7,35,37.12,21.13,LAST_LAUNCH,Symphony Health
INTEL_000656,TER_MO_01,8,34,36.34,21.22,LAST_LAUNCH,IQVIA
INTEL_000657,TER_MO_01,9,29,39.49,12.68,LAST_LAUNCH,IQVIA
INTEL_000658,TER_MO_01,10,23,39.6,19.22,LAST_LAUNCH,IQVIA
INTEL_000659,TER_MO_01,11,28,36.73,16.38,LAST_LAUNCH,Symphony Health
INTEL_000660,TER_MO_01,12,24,42.28,13.15,LAST_LAUNCH,Symphony Health
INTEL_000661,TER_MO_01,13,27,41.55,16.73,LAST_LAUNCH,IQVIA
INTEL_000662,TER_MO_01,14,23,37.2,13.75,LAST_LAUNCH,Symphony Health
INTEL_000663,TER_MO_01,15,26,41.17,13.84,LAST_LAUNCH,IQVIA
INTEL_000664,TER_MO_01,16,22,40.51,10.09,LAST_LAUNCH,Symphony Health
INTEL_000665,TER_MO_01,17,22,38.86,13.82,LAST_LAUNCH,IQVIA
INTEL_000666,TER_MO_01,18,28,38.65,11.62,LAST_LAUNCH,IQVIA
INTEL_000667,TER_MO_01,19,26,41.82,8.58,LAST_LAUNCH,IQVIA
INTEL_000668,TER_MO_01,20,23,37.38,18.84,LAST_LAUNCH,IQVIA
INTEL_000669,TER_MO_01,21,26,39.65,12.75,LAST_LAUNCH,IQVIA
INTEL_000670,TER_MO_01,22,22,38.5,19.32,LAST_LAUNCH,Symphony Health
INTEL_000671,TER_MO_01,23,24,39.44,16.89,LAST_LAUNCH,Symphony Health
INTEL_000672,TER_MO_01,24,27,40.32,12.74,LAST_LAUNCH,Symphony Health
INTEL_000673,TER_MO_01,25,25,37.93,20.98,LAST_LAUNCH,IQVIA
INTEL_000674,TER_MO_01,26,22,36.88,18.84,LAST_LAUNCH,IQVIA
INTEL_000675,TER_MO_01,27,29,36.67,19.69,LAST_LAUNCH,IQVIA
INTEL_000676,TER_MO_01,28,26,40.91,14.27,LAST_LAUNCH,IQVIA
INTEL_000677,TER_MO_01,29,27,38.91,11.28,LAST_LAUNCH,IQVIA
INTEL_000678,TER_MO_01,30,22,40.29,17.16,LAST_LAUNCH,IQVIA
INTEL_000679,TER_MO_01,31,29,38.2,19.0,LAST_LAUNCH,IQVIA
INTEL_000680,TER_MO_01,32,25,37.82,15.74,LAST_LAUNCH,IQVIA
INTEL_000681,TER_MO_01,33,23,38.64,13.59,LAST_LAUNCH,IQVIA
INTEL_000682,TER_MO_01,34,29,38.56,13.17,LAST_LAUNCH,IQVIA
INTEL_000683,TER_MO_01,35,26,40.49,12.59,LAST_LAUNCH,IQVIA
INTEL_000684,TER_MO_01,36,28,39.9,12.63,LAST_LAUNCH,IQVIA
INTEL_000685,TER_MO_01,37,23,39.15,18.74,LAST_LAUNCH,IQVIA
INTEL_000686,TER_MO_01,38,27,41.31,13.95,LAST_LAUNCH,IQVIA
INTEL_000687,TER_MO_01,39,24,38.56,14.25,LAST_LAUNCH,IQVIA
INTEL_000688,TER_MO_01,40,22,38.73,15.84,LAST_LAUNCH,IQVIA
INTEL_000689,TER_MO_01,41,26,40.09,10.41,LAST_LAUNCH,IQVIA
INTEL_000690,TER_MO_01,42,22,41.3,13.02,LAST_LAUNCH,IQVIA
INTEL_000691,TER_MO_01,43,29,37.48,12.55,LAST_LAUNCH,IQVIA
INTEL_000692,TER_MO_01,44,29,38.59,12.4,LAST_LAUNCH,Symphony Health
INTEL_000693,TER_MO_01,45,24,38.53,20.58,LAST_LAUNCH,IQVIA
INTEL_000694,TER_MO_01,46,26,39.23,11.81,LAST_LAUNCH,IQVIA
INTEL_000695,TER_MO_01,47,25,40.79,18.69,LAST_LAUNCH,IQVIA
INTEL_000696,TER_MO_01,48,24,40.93,17.54,LAST_LAUNCH,IQVIA
INTEL_000697,TER_MO_01,49,29,41.81,14.68,LAST_LAUNCH,Symphony Health
INTEL_000698,TER_MO_01,50,26,39.69,15.09,LAST_LAUNCH,IQVIA
INTEL_000699,TER_MO_01,51,25,37.77,18.95,LAST_LAUNCH,Symphony Health
INTEL_000700,TER_MO_01,52,25,42.29,13.11,LAST_LAUNCH,IQVIA
INTEL_000701,TER_MO_01,1,39,22.2,30.8,CURRENT_LAUNCH,Symphony Health
INTEL_000702,TER_MO_01,2,34,22.84,32.38,CURRENT_LAUNCH,IQVIA
INTEL_000703,TER_MO_01,3,33,24.57,29.64,CURRENT_LAUNCH,IQVIA
INTEL_000704,TER_MO_01,4,37,24.72,29.38,CURRENT_LAUNCH,IQVIA
INTEL_000705,TER_MO_01,5,32,28.15,29.93,CURRENT_LAUNCH,IQVIA
INTEL_000706,TER_MO_01,6,40,25.98,34.43,CURRENT_LAUNCH,Symphony Health
INTEL_000707,TER_MO_01,7,35,30.49,26.13,CURRENT_LAUNCH,Symphony Health
INTEL_000708,TER_MO_01,8,38,30.27,26.24,CURRENT_LAUNCH,Symphony Health
INTEL_000709,TER_MO_01,9,25,33.07,25.72,CURRENT_LAUNCH,Symphony Health
INTEL_000710,TER_MO_01,10,30,35.21,24.99,CURRENT_LAUNCH,IQVIA
INTEL_000711,TER_MO_01,11,31,30.85,28.71,CURRENT_LAUNCH,Symphony Health
INTEL_000712,TER_MO_01,12,26,32.97,28.45,CURRENT_LAUNCH,IQVIA
INTEL_000713,TER_MO_01,13,33,35.24,29.18,CURRENT_LAUNCH,IQVIA
INTEL_000714,TER_MO_01,14,31,31.06,25.97,CURRENT_LAUNCH,IQVIA
INTEL_000715,TER_MO_01,15,31,35.61,25.22,CURRENT_LAUNCH,IQVIA
INTEL_000716,TER_MO_01,16,31,32.6,31.29,CURRENT_LAUNCH,IQVIA
INTEL_000717,TER_MO_01,17,25,30.73,28.65,CURRENT_LAUNCH,IQVIA
INTEL_000718,TER_MO_01,18,32,33.35,27.79,CURRENT_LAUNCH,Symphony Health
INTEL_000719,TER_MO_01,19,28,35.59,24.54,CURRENT_LAUNCH,Symphony Health
INTEL_000720,TER_MO_01,20,25,32.99,27.87,CURRENT_LAUNCH,Symphony Health
INTEL_000721,TER_MO_02,1,30,27.87,27.57,LAST_LAUNCH,Symphony Health
INTEL_000722,TER_MO_02,2,30,29.87,28.8,LAST_LAUNCH,IQVIA
INTEL_000723,TER_MO_02,3,32,29.89,20.56,LAST_LAUNCH,Symphony Health
INTEL_000724,TER_MO_02,4,32,31.99,19.79,LAST_LAUNCH,IQVIA
INTEL_000725,TER_MO_02,5,29,33.95,24.68,LAST_LAUNCH,IQVIA
INTEL_000726,TER_MO_02,6,28,35.73,18.12,LAST_LAUNCH,IQVIA
INTEL_000727,TER_MO_02,7,30,32.81,25.81,LAST_LAUNCH,Symphony Health
INTEL_000728,TER_MO_02,8,27,38.46,13.33,LAST_LAUNCH,IQVIA
INTEL_000729,TER_MO_02,9,25,36.28,20.6,LAST_LAUNCH,IQVIA
INTEL_000730,TER_MO_02,10,23,41.44,16.09,LAST_LAUNCH,Symphony Health
INTEL_000731,TER_MO_02,11,27,40.66,16.55,LAST_LAUNCH,Symphony Health
INTEL_000732,TER_MO_02,12,25,38.3,18.1,LAST_LAUNCH,Symphony Health
INTEL_000733,TER_MO_02,13,28,36.57,17.05,LAST_LAUNCH,IQVIA
INTEL_000734,TER_MO_02,14,27,41.57,8.76,LAST_LAUNCH,IQVIA
INTEL_000735,TER_MO_02,15,25,39.77,17.18,LAST_LAUNCH,IQVIA
INTEL_000736,TER_MO_02,16,25,36.62,14.25,LAST_LAUNCH,Symphony Health
INTEL_000737,TER_MO_02,17,28,38.35,20.95,LAST_LAUNCH,Symphony Health
INTEL_000738,TER_MO_02,18,23,40.62,9.79,LAST_LAUNCH,IQVIA
INTEL_000739,TER_MO_02,19,27,36.83,17.54,LAST_LAUNCH,Symphony Health
INTEL_000740,TER_MO_02,20,25,38.24,13.47,LAST_LAUNCH,IQVIA
INTEL_000741,TER_MO_02,21,24,39.4,20.18,LAST_LAUNCH,Symphony Health
INTEL_000742,TER_MO_02,22,27,39.46,13.59,LAST_LAUNCH,IQVIA
INTEL_000743,TER_MO_02,23,24,38.92,12.19,LAST_LAUNCH,IQVIA
INTEL_000744,TER_MO_02,24,21,36.2,17.19,LAST_LAUNCH,IQVIA
INTEL_000745,TER_MO_02,25,22,36.08,18.56,LAST_LAUNCH,Symphony Health
INTEL_000746,TER_MO_02,26,24,39.88,19.58,LAST_LAUNCH,IQVIA
INTEL_000747,TER_MO_02,27,21,36.62,15.58,LAST_LAUNCH,IQVIA
INTEL_000748,TER_MO_02,28,24,38.27,18.34,LAST_LAUNCH,IQVIA
INTEL_000749,TER_MO_02,29,26,37.98,21.62,LAST_LAUNCH,Symphony Health
INTEL_000750,TER_MO_02,30,23,36.11,15.13,LAST_LAUNCH,IQVIA
INTEL_000751,TER_MO_02,31,21,38.1,19.66,LAST_LAUNCH,Symphony Health
INTEL_000752,TER_MO_02,32,22,37.11,22.61,LAST_LAUNCH,IQVIA
INTEL_000753,TER_MO_02,33,26,37.09,21.49,LAST_LAUNCH,IQVIA
INTEL_000754,TER_MO_02,34,22,40.29,19.43,LAST_LAUNCH,Symphony Health
INTEL_000755,TER_MO_02,35,22,41.47,13.04,LAST_LAUNCH,Symphony Health
INTEL_000756,TER_MO_02,36,23,39.85,13.81,LAST_LAUNCH,Symphony Health
INTEL_000757,TER_MO_02,37,28,37.91,14.57,LAST_LAUNCH,IQVIA
INTEL_000758,TER_MO_02,38,24,39.22,11.29,LAST_LAUNCH,IQVIA
INTEL_000759,TER_MO_02,39,21,40.08,12.41,LAST_LAUNCH,Symphony Health
INTEL_000760,TER_MO_02,40,24,40.18,13.44,LAST_LAUNCH,IQVIA
INTEL_000761,TER_MO_02,41,28,41.33,18.35,LAST_LAUNCH,IQVIA
INTEL_000762,TER_MO_02,42,24,41.19,15.21,LAST_LAUNCH,IQVIA
INTEL_000763,TER_MO_02,43,24,39.46,19.7,LAST_LAUNCH,IQVIA
INTEL_000764,TER_MO_02,44,23,36.18,20.62,LAST_LAUNCH,IQVIA
INTEL_000765,TER_MO_02,45,28,39.78,17.87,LAST_LAUNCH,IQVIA
INTEL_000766,TER_MO_02,46,26,37.5,21.29,LAST_LAUNCH,Symphony Health
INTEL_000767,TER_MO_02,47,26,40.55,11.54,LAST_LAUNCH,Symphony Health
INTEL_000768,TER_MO_02,48,24,38.86,17.61,LAST_LAUNCH,Symphony Health
INTEL_000769,TER_MO_02,49,25,39.63,14.15,LAST_LAUNCH,Symphony Health
INTEL_000770,TER_MO_02,50,23,38.01,17.23,LAST_LAUNCH,IQVIA
INTEL_000771,TER_MO_02,51,24,41.08,13.97,LAST_LAUNCH,IQVIA
INTEL_000772,TER_MO_02,52,27,37.16,20.54,LAST_LAUNCH,IQVIA
INTEL_000773,TER_MO_02,1,32,29.93,30.49,CURRENT_LAUNCH,IQVIA
INTEL_000774,TER_MO_02,2,31,30.76,30.76,CURRENT_LAUNCH,Symphony Health
INTEL_000775,TER_MO_02,3,37,31.86,29.37,CURRENT_LAUNCH,IQVIA
INTEL_000776,TER_MO_02,4,30,32.75,29.25,CURRENT_LAUNCH,IQVIA
INTEL_000777,TER_MO_02,5,37,34.34,29.87,CURRENT_LAUNCH,IQVIA
INTEL_000778,TER_MO_02,6,33,36.14,28.05,CURRENT_LAUNCH,IQVIA
INTEL_000779,TER_MO_02,7,34,38.88,25.32,CURRENT_LAUNCH,IQVIA
INTEL_000780,TER_MO_02,8,33,38.73,25.86,CURRENT_LAUNCH,IQVIA
INTEL_000781,TER_MO_02,9,30,41.22,22.89,CURRENT_LAUNCH,IQVIA
INTEL_000782,TER_MO_02,10,25,38.56,23.12,CURRENT_LAUNCH,IQVIA
INTEL_000783,TER_MO_02,11,28,39.38,25.41,CURRENT_LAUNCH,Symphony Health
INTEL_000784,TER_MO_02,12,29,42.4,23.14,CURRENT_LAUNCH,IQVIA
INTEL_000785,TER_MO_02,13,31,42.92,26.12,CURRENT_LAUNCH,Symphony Health
INTEL_000786,TER_MO_02,14,25,41.15,25.41,CURRENT_LAUNCH,IQVIA
INTEL_000787,TER_MO_02,15,30,41.11,21.25,CURRENT_LAUNCH,Symphony Health
INTEL_000788,TER_MO_02,16,29,39.38,25.45,CURRENT_LAUNCH,IQVIA
INTEL_000789,TER_MO_02,17,28,43.53,24.77,CURRENT_LAUNCH,IQVIA
INTEL_000790,TER_MO_02,18,29,40.15,21.82,CURRENT_LAUNCH,IQVIA
INTEL_000791,TER_MO_02,19,24,42.28,20.57,CURRENT_LAUNCH,IQVIA
INTEL_000792,TER_MO_02,20,30,39.53,24.53,CURRENT_LAUNCH,IQVIA
INTEL_000793,TER_MO_03,1,39,28.13,29.38,LAST_LAUNCH,IQVIA
INTEL_000794,TER_MO_03,2,36,29.33,23.91,LAST_LAUNCH,Symphony Health
INTEL_000795,TER_MO_03,3,38,31.4,24.86,LAST_LAUNCH,IQVIA
INTEL_000796,TER_MO_03,4,33,30.87,23.03,LAST_LAUNCH,IQVIA
INTEL_000797,TER_MO_03,5,34,31.28,23.83,LAST_LAUNCH,IQVIA
INTEL_000798,TER_MO_03,6,35,33.55,17.85,LAST_LAUNCH,IQVIA
INTEL_000799,TER_MO_03,7,40,33.58,21.41,LAST_LAUNCH,IQVIA
INTEL_000800,TER_MO_03,8,32,36.51,22.46,LAST_LAUNCH,IQVIA
INTEL_000801,TER_MO_03,9,30,39.04,15.1,LAST_LAUNCH,Symphony Health
INTEL_000802,TER_MO_03,10,33,38.77,11.71,LAST_LAUNCH,Symphony Health
INTEL_000803,TER_MO_03,11,33,40.45,17.12,LAST_LAUNCH,Symphony Health
INTEL_000804,TER_MO_03,12,33,36.14,20.66,LAST_LAUNCH,Symphony Health
INTEL_000805,TER_MO_03,13,26,41.64,12.16,LAST_LAUNCH,IQVIA
INTEL_000806,TER_MO_03,14,29,38.36,14.21,LAST_LAUNCH,Symphony Health
INTEL_000807,TER_MO_03,15,25,37.03,22.02,LAST_LAUNCH,IQVIA
INTEL_000808,TER_MO_03,16,26,40.42,16.67,LAST_LAUNCH,IQVIA
INTEL_000809,TER_MO_03,17,25,40.99,12.33,LAST_LAUNCH,IQVIA
INTEL_000810,TER_MO_03,18,28,37.54,17.14,LAST_LAUNCH,IQVIA
INTEL_000811,TER_MO_03,19,28,39.4,11.15,LAST_LAUNCH,Symphony Health
INTEL_000812,TER_MO_03,20,31,39.74,15.86,LAST_LAUNCH,IQVIA
INTEL_000813,TER_MO_03,21,27,39.94,13.14,LAST_LAUNCH,IQVIA
INTEL_000814,TER_MO_03,22,28,36.93,19.23,LAST_LAUNCH,IQVIA
INTEL_000815,TER_MO_03,23,31,37.25,13.31,LAST_LAUNCH,Symphony Health
INTEL_000816,TER_MO_03,24,33,38.76,16.46,LAST_LAUNCH,Symphony Health
INTEL_000817,TER_MO_03,25,32,41.53,10.11,LAST_LAUNCH,IQVIA
INTEL_000818,TER_MO_03,26,26,41.23,13.85,LAST_LAUNCH,Symphony Health
INTEL_000819,TER_MO_03,27,29,39.0,14.43,LAST_LAUNCH,Symphony Health
INTEL_000820,TER_MO_03,28,30,38.19,16.52,LAST_LAUNCH,IQVIA
INTEL_000821,TER_MO_03,29,31,40.03,19.57,LAST_LAUNCH,IQVIA
INTEL_000822,TER_MO_03,30,29,37.98,17.79,LAST_LAUNCH,IQVIA
INTEL_000823,TER_MO_03,31,27,38.64,15.05,LAST_LAUNCH,IQVIA
INTEL_000824,TER_MO_03,32,31,37.6,21.16,LAST_LAUNCH,Symphony Health
INTEL_000825,TER_MO_03,33,27,37.05,16.22,LAST_LAUNCH,IQVIA
INTEL_000826,TER_MO_03,34,24,38.67,14.02,LAST_LAUNCH,IQVIA
INTEL_000827,TER_MO_03,35,30,37.2,20.22,LAST_LAUNCH,IQVIA
INTEL_000828,TER_MO_03,36,25,36.66,16.49,LAST_LAUNCH,IQVIA
INTEL_000829,TER_MO_03,37,29,41.16,10.84,LAST_LAUNCH,Symphony Health
INTEL_000830,TER_MO_03,38,26,38.68,18.39,LAST_LAUNCH,IQVIA
INTEL_000831,TER_MO_03,39,25,37.8,17.76,LAST_LAUNCH,IQVIA
INTEL_000832,TER_MO_03,40,30,36.58,19.04,LAST_LAUNCH,Symphony Health
INTEL_000833,TER_MO_03,41,33,37.24,12.92,LAST_LAUNCH,Symphony Health
INTEL_000834,TER_MO_03,42,25,39.97,10.66,LAST_LAUNCH,IQVIA
INTEL_000835,TER_MO_03,43,29,40.34,10.82,LAST_LAUNCH,IQVIA
INTEL_000836,TER_MO_03,44,31,37.35,13.81,LAST_LAUNCH,IQVIA
INTEL_000837,TER_MO_03,45,24,39.67,15.66,LAST_LAUNCH,IQVIA
INTEL_000838,TER_MO_03,46,33,37.42,22.4,LAST_LAUNCH,Symphony Health
INTEL_000839,TER_MO_03,47,31,40.22,17.16,LAST_LAUNCH,IQVIA
INTEL_000840,TER_MO_03,48,27,37.72,18.44,LAST_LAUNCH,IQVIA
INTEL_000841,TER_MO_03,49,25,38.79,12.51,LAST_LAUNCH,IQVIA
INTEL_000842,TER_MO_03,50,25,39.55,16.07,LAST_LAUNCH,Symphony Health
INTEL_000843,TER_MO_03,51,28,39.53,11.13,LAST_LAUNCH,Symphony Health
INTEL_000844,TER_MO_03,52,28,38.09,17.58,LAST_LAUNCH,IQVIA
INTEL_000845,TER_MO_03,1,31,29.68,31.02,CURRENT_LAUNCH,Symphony Health
INTEL_000846,TER_MO_03,2,31,30.61,26.22,CURRENT_LAUNCH,Symphony Health
INTEL_000847,TER_MO_03,3,34,32.25,27.01,CURRENT_LAUNCH,IQVIA
INTEL_000848,TER_MO_03,4,34,34.23,28.32,CURRENT_LAUNCH,Symphony Health
INTEL_000849,TER_MO_03,5,36,33.2,28.48,CURRENT_LAUNCH,Symphony Health
INTEL_000850,TER_MO_03,6,31,37.49,28.35,CURRENT_LAUNCH,IQVIA
INTEL_000851,TER_MO_03,7,34,35.19,28.58,CURRENT_LAUNCH,Symphony Health
INTEL_000852,TER_MO_03,8,38,35.14,23.7,CURRENT_LAUNCH,IQVIA
INTEL_000853,TER_MO_03,9,25,39.72,24.17,CURRENT_LAUNCH,IQVIA
INTEL_000854,TER_MO_03,10,26,38.97,26.72,CURRENT_LAUNCH,IQVIA
INTEL_000855,TER_MO_03,11,25,38.73,22.97,CURRENT_LAUNCH,Symphony Health
INTEL_000856,TER_MO_03,12,30,41.11,27.28,CURRENT_LAUNCH,IQVIA
INTEL_000857,TER_MO_03,13,28,38.17,23.17,CURRENT_LAUNCH,IQVIA
INTEL_000858,TER_MO_03,14,25,40.57,20.03,CURRENT_LAUNCH,IQVIA
INTEL_000859,TER_MO_03,15,25,43.28,22.43,CURRENT_LAUNCH,IQVIA
INTEL_000860,TER_MO_03,16,24,42.98,24.46,CURRENT_LAUNCH,IQVIA
INTEL_000861,TER_MO_03,17,30,38.98,26.44,CURRENT_LAUNCH,IQVIA
INTEL_000862,TER_MO_03,18,24,41.37,24.82,CURRENT_LAUNCH,IQVIA
INTEL_000863,TER_MO_03,19,29,39.71,26.2,CURRENT_LAUNCH,Symphony Health
INTEL_000864,TER_MO_03,20,24,37.71,24.17,CURRENT_LAUNCH,IQVIA
INTEL_000865,TER_PA_01,1,39,30.08,29.15,LAST_LAUNCH,Symphony Health
INTEL_000866,TER_PA_01,2,37,31.35,20.71,LAST_LAUNCH,IQVIA
INTEL_000867,TER_PA_01,3,35,32.67,24.33,LAST_LAUNCH,Symphony Health
INTEL_000868,TER_PA_01,4,32,33.01,18.95,LAST_LAUNCH,IQVIA
INTEL_000869,TER_PA_01,5,31,34.98,15.28,LAST_LAUNCH,IQVIA
INTEL_000870,TER_PA_01,6,34,35.28,17.4,LAST_LAUNCH,IQVIA
INTEL_000871,TER_PA_01,7,32,36.0,18.83,LAST_LAUNCH,IQVIA
INTEL_000872,TER_PA_01,8,34,40.09,12.75,LAST_LAUNCH,Symphony Health
INTEL_000873,TER_PA_01,9,25,43.37,16.52,LAST_LAUNCH,Symphony Health
INTEL_000874,TER_PA_01,10,25,42.77,11.69,LAST_LAUNCH,IQVIA
INTEL_000875,TER_PA_01,11,31,41.02,10.07,LAST_LAUNCH,IQVIA
INTEL_000876,TER_PA_01,12,25,38.52,14.21,LAST_LAUNCH,Symphony Health
INTEL_000877,TER_PA_01,13,26,42.56,10.52,LAST_LAUNCH,IQVIA
INTEL_000878,TER_PA_01,14,28,42.09,8.08,LAST_LAUNCH,IQVIA
INTEL_000879,TER_PA_01,15,30,41.41,14.53,LAST_LAUNCH,IQVIA
INTEL_000880,TER_PA_01,16,31,43.28,9.41,LAST_LAUNCH,IQVIA
INTEL_000881,TER_PA_01,17,28,38.14,18.51,LAST_LAUNCH,IQVIA
INTEL_000882,TER_PA_01,18,25,40.08,19.26,LAST_LAUNCH,Symphony Health
INTEL_000883,TER_PA_01,19,24,43.12,16.3,LAST_LAUNCH,IQVIA
INTEL_000884,TER_PA_01,20,31,42.38,9.0,LAST_LAUNCH,Symphony Health
INTEL_000885,TER_PA_01,21,24,42.08,12.47,LAST_LAUNCH,IQVIA
INTEL_000886,TER_PA_01,22,27,42.87,11.71,LAST_LAUNCH,IQVIA
INTEL_000887,TER_PA_01,23,25,37.75,19.04,LAST_LAUNCH,Symphony Health
INTEL_000888,TER_PA_01,24,30,39.69,15.52,LAST_LAUNCH,IQVIA
INTEL_000889,TER_PA_01,25,29,40.76,10.1,LAST_LAUNCH,IQVIA
INTEL_000890,TER_PA_01,26,26,41.52,15.59,LAST_LAUNCH,Symphony Health
INTEL_000891,TER_PA_01,27,26,40.71,12.8,LAST_LAUNCH,IQVIA
INTEL_000892,TER_PA_01,28,26,38.29,11.91,LAST_LAUNCH,IQVIA
INTEL_000893,TER_PA_01,29,23,41.62,9.35,LAST_LAUNCH,Symphony Health
INTEL_000894,TER_PA_01,30,28,42.82,8.12,LAST_LAUNCH,IQVIA
INTEL_000895,TER_PA_01,31,26,39.58,17.13,LAST_LAUNCH,IQVIA
INTEL_000896,TER_PA_01,32,31,38.02,19.56,LAST_LAUNCH,IQVIA
INTEL_000897,TER_PA_01,33,24,43.49,16.42,LAST_LAUNCH,IQVIA
INTEL_000898,TER_PA_01,34,29,42.81,12.81,LAST_LAUNCH,IQVIA
INTEL_000899,TER_PA_01,35,27,42.39,15.0,LAST_LAUNCH,IQVIA
INTEL_000900,TER_PA_01,36,30,39.23,16.35,LAST_LAUNCH,Symphony Health
INTEL_000901,TER_PA_01,37,31,41.96,12.58,LAST_LAUNCH,IQVIA
INTEL_000902,TER_PA_01,38,31,38.95,12.67,LAST_LAUNCH,Symphony Health
INTEL_000903,TER_PA_01,39,27,39.15,13.65,LAST_LAUNCH,IQVIA
INTEL_000904,TER_PA_01,40,26,39.47,10.75,LAST_LAUNCH,IQVIA
INTEL_000905,TER_PA_01,41,29,42.57,7.98,LAST_LAUNCH,Symphony Health
INTEL_000906,TER_PA_01,42,31,41.11,8.93,LAST_LAUNCH,Symphony Health
INTEL_000907,TER_PA_01,43,28,43.23,14.39,LAST_LAUNCH,IQVIA
INTEL_000908,TER_PA_01,44,31,41.19,17.24,LAST_LAUNCH,IQVIA
INTEL_000909,TER_PA_01,45,26,39.73,19.78,LAST_LAUNCH,IQVIA
INTEL_000910,TER_PA_01,46,31,42.82,16.52,LAST_LAUNCH,IQVIA
INTEL_000911,TER_PA_01,47,31,41.78,15.39,LAST_LAUNCH,IQVIA
INTEL_000912,TER_PA_01,48,28,38.05,21.29,LAST_LAUNCH,Symphony Health
INTEL_000913,TER_PA_01,49,29,40.4,13.63,LAST_LAUNCH,IQVIA
INTEL_000914,TER_PA_01,50,28,41.91,8.53,LAST_LAUNCH,IQVIA
INTEL_000915,TER_PA_01,51,25,43.66,10.24,LAST_LAUNCH,IQVIA
INTEL_000916,TER_PA_01,52,27,40.14,18.08,LAST_LAUNCH,IQVIA
INTEL_000917,TER_PA_01,1,34,28.6,31.14,CURRENT_LAUNCH,IQVIA
INTEL_000918,TER_PA_01,2,34,30.03,27.07,CURRENT_LAUNCH,IQVIA
INTEL_000919,TER_PA_01,3,32,31.74,31.02,CURRENT_LAUNCH,Symphony Health
INTEL_000920,TER_PA_01,4,34,32.42,30.16,CURRENT_LAUNCH,Symphony Health
INTEL_000921,TER_PA_01,5,32,33.45,24.82,CURRENT_LAUNCH,IQVIA
INTEL_000922,TER_PA_01,6,32,34.81,25.71,CURRENT_LAUNCH,IQVIA
INTEL_000923,TER_PA_01,7,34,34.38,31.27,CURRENT_LAUNCH,IQVIA
INTEL_000924,TER_PA_01,8,36,36.73,26.27,CURRENT_LAUNCH,Symphony Health
INTEL_000925,TER_PA_01,9,26,39.81,27.23,CURRENT_LAUNCH,Symphony Health
INTEL_000926,TER_PA_01,10,28,41.51,20.55,CURRENT_LAUNCH,Symphony Health
INTEL_000927,TER_PA_01,11,30,37.41,25.29,CURRENT_LAUNCH,IQVIA
INTEL_000928,TER_PA_01,12,30,39.11,27.34,CURRENT_LAUNCH,IQVIA
INTEL_000929,TER_PA_01,13,27,39.46,22.28,CURRENT_LAUNCH,IQVIA
INTEL_000930,TER_PA_01,14,27,36.99,29.44,CURRENT_LAUNCH,Symphony Health
INTEL_000931,TER_PA_01,15,27,38.61,21.76,CURRENT_LAUNCH,IQVIA
INTEL_000932,TER_PA_01,16,26,40.26,23.15,CURRENT_LAUNCH,Symphony Health
INTEL_000933,TER_PA_01,17,27,36.8,24.0,CURRENT_LAUNCH,IQVIA
INTEL_000934,TER_PA_01,18,24,40.23,27.53,CURRENT_LAUNCH,IQVIA
INTEL_000935,TER_PA_01,19,26,37.11,24.14,CURRENT_LAUNCH,Symphony Health
INTEL_000936,TER_PA_01,20,27,41.03,22.85,CURRENT_LAUNCH,IQVIA
INTEL_000937,TER_PA_02,1,25,27.23,31.34,LAST_LAUNCH,Symphony Health
INTEL_000938,TER_PA_02,2,30,27.8,23.76,LAST_LAUNCH,IQVIA
INTEL_000939,TER_PA_02,3,30,30.03,27.94,LAST_LAUNCH,IQVIA
INTEL_000940,TER_PA_02,4,27,31.32,19.65,LAST_LAUNCH,Symphony Health
INTEL_000941,TER_PA_02,5,26,30.38,24.07,LAST_LAUNCH,Symphony Health
INTEL_000942,TER_PA_02,6,25,31.78,18.92,LAST_LAUNCH,IQVIA
INTEL_000943,TER_PA_02,7,26,34.91,17.08,LAST_LAUNCH,Symphony Health
INTEL_000944,TER_PA_02,8,27,32.93,19.01,LAST_LAUNCH,IQVIA
INTEL_000945,TER_PA_02,9,19,37.12,15.58,LAST_LAUNCH,IQVIA
INTEL_000946,TER_PA_02,10,24,38.15,12.13,LAST_LAUNCH,IQVIA
INTEL_000947,TER_PA_02,11,21,40.7,18.93,LAST_LAUNCH,Symphony Health
INTEL_000948,TER_PA_02,12,21,35.52,17.49,LAST_LAUNCH,IQVIA
INTEL_000949,TER_PA_02,13,21,38.74,12.63,LAST_LAUNCH,IQVIA
INTEL_000950,TER_PA_02,14,23,39.07,14.99,LAST_LAUNCH,Symphony Health
INTEL_000951,TER_PA_02,15,21,40.57,17.43,LAST_LAUNCH,IQVIA
INTEL_000952,TER_PA_02,16,19,38.78,14.31,LAST_LAUNCH,IQVIA
INTEL_000953,TER_PA_02,17,21,36.52,20.63,LAST_LAUNCH,Symphony Health
INTEL_000954,TER_PA_02,18,20,39.89,15.0,LAST_LAUNCH,IQVIA
INTEL_000955,TER_PA_02,19,23,37.05,21.58,LAST_LAUNCH,IQVIA
INTEL_000956,TER_PA_02,20,24,36.28,13.98,LAST_LAUNCH,IQVIA
INTEL_000957,TER_PA_02,21,18,36.28,16.92,LAST_LAUNCH,Symphony Health
INTEL_000958,TER_PA_02,22,21,39.73,17.37,LAST_LAUNCH,Symphony Health
INTEL_000959,TER_PA_02,23,19,39.46,20.02,LAST_LAUNCH,IQVIA
INTEL_000960,TER_PA_02,24,22,35.37,17.94,LAST_LAUNCH,Symphony Health
INTEL_000961,TER_PA_02,25,25,40.01,13.99,LAST_LAUNCH,Symphony Health
INTEL_000962,TER_PA_02,26,19,38.83,18.36,LAST_LAUNCH,IQVIA
INTEL_000963,TER_PA_02,27,22,35.3,23.81,LAST_LAUNCH,IQVIA
INTEL_000964,TER_PA_02,28,19,38.65,21.12,LAST_LAUNCH,IQVIA
INTEL_000965,TER_PA_02,29,21,35.05,24.16,LAST_LAUNCH,Symphony Health
INTEL_000966,TER_PA_02,30,21,38.65,15.66,LAST_LAUNCH,IQVIA
INTEL_000967,TER_PA_02,31,22,36.45,14.91,LAST_LAUNCH,IQVIA
INTEL_000968,TER_PA_02,32,22,36.81,20.07,LAST_LAUNCH,IQVIA
INTEL_000969,TER_PA_02,33,21,36.63,13.43,LAST_LAUNCH,IQVIA
INTEL_000970,TER_PA_02,34,19,40.32,10.17,LAST_LAUNCH,IQVIA
INTEL_000971,TER_PA_02,35,24,40.52,14.61,LAST_LAUNCH,IQVIA
INTEL_000972,TER_PA_02,36,23,36.62,13.83,LAST_LAUNCH,Symphony Health
INTEL_000973,TER_PA_02,37,23,35.61,18.66,LAST_LAUNCH,IQVIA
INTEL_000974,TER_PA_02,38,20,37.98,13.99,LAST_LAUNCH,IQVIA
INTEL_000975,TER_PA_02,39,19,40.75,14.79,LAST_LAUNCH,IQVIA
INTEL_000976,TER_PA_02,40,21,36.16,22.17,LAST_LAUNCH,IQVIA
INTEL_000977,TER_PA_02,41,21,40.32,18.38,LAST_LAUNCH,Symphony Health
INTEL_000978,TER_PA_02,42,19,35.62,17.19,LAST_LAUNCH,IQVIA
INTEL_000979,TER_PA_02,43,24,39.3,20.2,LAST_LAUNCH,IQVIA
INTEL_000980,TER_PA_02,44,24,37.16,15.79,LAST_LAUNCH,IQVIA
INTEL_000981,TER_PA_02,45,23,39.35,16.47,LAST_LAUNCH,IQVIA
INTEL_000982,TER_PA_02,46,22,35.46,23.85,LAST_LAUNCH,IQVIA
INTEL_000983,TER_PA_02,47,22,39.8,11.37,LAST_LAUNCH,IQVIA
INTEL_000984,TER_PA_02,48,20,38.27,14.94,LAST_LAUNCH,IQVIA
INTEL_000985,TER_PA_02,49,23,38.36,15.49,LAST_LAUNCH,Symphony Health
INTEL_000986,TER_PA_02,50,23,37.3,15.31,LAST_LAUNCH,IQVIA
INTEL_000987,TER_PA_02,51,24,37.49,16.81,LAST_LAUNCH,Symphony Health
INTEL_000988,TER_PA_02,52,23,37.48,15.97,LAST_LAUNCH,IQVIA
INTEL_000989,TER_PA_02,1,33,24.95,29.79,CURRENT_LAUNCH,IQVIA
INTEL_000990,TER_PA_02,2,28,26.17,29.72,CURRENT_LAUNCH,IQVIA
INTEL_000991,TER_PA_02,3,30,27.4,28.85,CURRENT_LAUNCH,Symphony Health
INTEL_000992,TER_PA_02,4,32,29.6,28.12,CURRENT_LAUNCH,IQVIA
INTEL_000993,TER_PA_02,5,30,30.54,31.56,CURRENT_LAUNCH,IQVIA
INTEL_000994,TER_PA_02,6,26,31.93,29.14,CURRENT_LAUNCH,IQVIA
INTEL_000995,TER_PA_02,7,29,34.19,28.3,CURRENT_LAUNCH,IQVIA
INTEL_000996,TER_PA_02,8,30,34.95,23.05,CURRENT_LAUNCH,IQVIA
INTEL_000997,TER_PA_02,9,24,37.36,25.59,CURRENT_LAUNCH,IQVIA
INTEL_000998,TER_PA_02,10,22,38.01,21.81,CURRENT_LAUNCH,IQVIA
INTEL_000999,TER_PA_02,11,27,37.96,28.7,CURRENT_LAUNCH,IQVIA
INTEL_001000,TER_PA_02,12,25,36.33,28.99,CURRENT_LAUNCH,IQVIA
INTEL_001001,TER_PA_02,13,26,35.14,30.81,CURRENT_LAUNCH,IQVIA
INTEL_001002,TER_PA_02,14,24,33.98,23.93,CURRENT_LAUNCH,IQVIA
INTEL_001003,TER_PA_02,15,25,36.21,27.64,CURRENT_LAUNCH,Symphony Health
INTEL_001004,TER_PA_02,16,26,34.55,31.01,CURRENT_LAUNCH,Symphony Health
INTEL_001005,TER_PA_02,17,22,34.88,29.28,CURRENT_LAUNCH,IQVIA
INTEL_001006,TER_PA_02,18,22,34.12,29.38,CURRENT_LAUNCH,IQVIA
INTEL_001007,TER_PA_02,19,24,37.72,27.55,CURRENT_LAUNCH,IQVIA
INTEL_001008,TER_PA_02,20,24,35.2,23.92,CURRENT_LAUNCH,IQVIA
INTEL_001009,TER_PA_03,1,24,27.92,27.31,LAST_LAUNCH,IQVIA
INTEL_001010,TER_PA_03,2,23,29.41,20.78,LAST_LAUNCH,IQVIA
INTEL_001011,TER_PA_03,3,26,30.22,22.54,LAST_LAUNCH,IQVIA
INTEL_001012,TER_PA_03,4,26,31.87,27.76,LAST_LAUNCH,IQVIA
INTEL_001013,TER_PA_03,5,27,31.63,18.44,LAST_LAUNCH,IQVIA
INTEL_001014,TER_PA_03,6,24,33.41,18.15,LAST_LAUNCH,Symphony Health
INTEL_001015,TER_PA_03,7,27,35.52,21.24,LAST_LAUNCH,IQVIA
INTEL_001016,TER_PA_03,8,22,34.2,17.2,LAST_LAUNCH,IQVIA
INTEL_001017,TER_PA_03,9,20,41.25,11.41,LAST_LAUNCH,IQVIA
INTEL_001018,TER_PA_03,10,18,40.99,14.63,LAST_LAUNCH,Symphony Health
INTEL_001019,TER_PA_03,11,17,37.44,13.61,LAST_LAUNCH,IQVIA
INTEL_001020,TER_PA_03,12,20,39.12,12.07,LAST_LAUNCH,IQVIA
INTEL_001021,TER_PA_03,13,19,41.22,13.92,LAST_LAUNCH,Symphony Health
INTEL_001022,TER_PA_03,14,19,39.23,14.44,LAST_LAUNCH,IQVIA
INTEL_001023,TER_PA_03,15,19,40.76,17.18,LAST_LAUNCH,Symphony Health
INTEL_001024,TER_PA_03,16,17,36.33,21.01,LAST_LAUNCH,IQVIA
INTEL_001025,TER_PA_03,17,22,41.25,10.46,LAST_LAUNCH,IQVIA
INTEL_001026,TER_PA_03,18,17,40.26,13.35,LAST_LAUNCH,IQVIA
INTEL_001027,TER_PA_03,19,22,40.98,16.39,LAST_LAUNCH,Symphony Health
INTEL_001028,TER_PA_03,20,18,37.97,19.01,LAST_LAUNCH,IQVIA
INTEL_001029,TER_PA_03,21,17,38.19,19.24,LAST_LAUNCH,IQVIA
INTEL_001030,TER_PA_03,22,22,40.76,16.87,LAST_LAUNCH,IQVIA
INTEL_001031,TER_PA_03,23,18,41.47,16.69,LAST_LAUNCH,Symphony Health
INTEL_001032,TER_PA_03,24,20,37.47,13.83,LAST_LAUNCH,Symphony Health
INTEL_001033,TER_PA_03,25,17,37.04,21.41,LAST_LAUNCH,Symphony Health
INTEL_001034,TER_PA_03,26,22,39.59,13.75,LAST_LAUNCH,Symphony Health
INTEL_001035,TER_PA_03,27,20,36.52,21.83,LAST_LAUNCH,Symphony Health
INTEL_001036,TER_PA_03,28,18,39.4,18.73,LAST_LAUNCH,IQVIA
INTEL_001037,TER_PA_03,29,21,39.74,17.43,LAST_LAUNCH,IQVIA
INTEL_001038,TER_PA_03,30,18,37.02,21.42,LAST_LAUNCH,IQVIA
INTEL_001039,TER_PA_03,31,17,36.86,17.73,LAST_LAUNCH,Symphony Health
INTEL_001040,TER_PA_03,32,22,36.96,22.45,LAST_LAUNCH,IQVIA
INTEL_001041,TER_PA_03,33,21,40.0,14.87,LAST_LAUNCH,IQVIA
INTEL_001042,TER_PA_03,34,18,37.01,17.75,LAST_LAUNCH,IQVIA
INTEL_001043,TER_PA_03,35,19,38.33,16.88,LAST_LAUNCH,IQVIA
INTEL_001044,TER_PA_03,36,19,41.1,12.93,LAST_LAUNCH,IQVIA
INTEL_001045,TER_PA_03,37,18,37.54,14.12,LAST_LAUNCH,Symphony Health
INTEL_001046,TER_PA_03,38,20,36.95,22.89,LAST_LAUNCH,IQVIA
INTEL_001047,TER_PA_03,39,19,38.83,16.9,LAST_LAUNCH,Symphony Health
INTEL_001048,TER_PA_03,40,17,41.57,11.45,LAST_LAUNCH,IQVIA
INTEL_001049,TER_PA_03,41,20,37.47,14.38,LAST_LAUNCH,Symphony Health
INTEL_001050,TER_PA_03,42,18,36.89,21.43,LAST_LAUNCH,IQVIA
INTEL_001051,TER_PA_03,43,18,36.45,23.41,LAST_LAUNCH,Symphony Health
INTEL_001052,TER_PA_03,44,17,39.01,20.31,LAST_LAUNCH,IQVIA
INTEL_001053,TER_PA_03,45,21,36.85,22.01,LAST_LAUNCH,Symphony Health
INTEL_001054,TER_PA_03,46,20,37.73,18.94,LAST_LAUNCH,IQVIA
INTEL_001055,TER_PA_03,47,17,38.08,14.76,LAST_LAUNCH,IQVIA
INTEL_001056,TER_PA_03,48,19,39.18,11.67,LAST_LAUNCH,Symphony Health
INTEL_001057,TER_PA_03,49,18,36.98,19.78,LAST_LAUNCH,IQVIA
INTEL_001058,TER_PA_03,50,20,38.54,17.33,LAST_LAUNCH,Symphony Health
INTEL_001059,TER_PA_03,51,18,40.44,9.63,LAST_LAUNCH,IQVIA
INTEL_001060,TER_PA_03,52,21,39.71,12.54,LAST_LAUNCH,IQVIA
INTEL_001061,TER_PA_03,1,36,22.1,33.72,CURRENT_LAUNCH,IQVIA
INTEL_001062,TER_PA_03,2,36,22.52,35.25,CURRENT_LAUNCH,IQVIA
INTEL_001063,TER_PA_03,3,40,23.27,36.44,CURRENT_LAUNCH,Symphony Health
INTEL_001064,TER_PA_03,4,42,24.84,29.34,CURRENT_LAUNCH,IQVIA
INTEL_001065,TER_PA_03,5,40,26.06,34.0,CURRENT_LAUNCH,IQVIA
INTEL_001066,TER_PA_03,6,36,25.85,34.94,CURRENT_LAUNCH,Symphony Health
INTEL_001067,TER_PA_03,7,43,28.49,31.43,CURRENT_LAUNCH,Symphony Health
INTEL_001068,TER_PA_03,8,39,31.08,27.95,CURRENT_LAUNCH,IQVIA
INTEL_001069,TER_PA_03,9,31,34.93,29.93,CURRENT_LAUNCH,Symphony Health
INTEL_001070,TER_PA_03,10,26,31.52,27.83,CURRENT_LAUNCH,IQVIA
INTEL_001071,TER_PA_03,11,30,35.34,28.65,CURRENT_LAUNCH,IQVIA
INTEL_001072,TER_PA_03,12,27,35.69,28.23,CURRENT_LAUNCH,Symphony Health
INTEL_001073,TER_PA_03,13,32,30.65,31.81,CURRENT_LAUNCH,IQVIA
INTEL_001074,TER_PA_03,14,33,32.7,26.94,CURRENT_LAUNCH,Symphony Health
INTEL_001075,TER_PA_03,15,30,32.92,31.01,CURRENT_LAUNCH,IQVIA
INTEL_001076,TER_PA_03,16,26,35.03,23.13,CURRENT_LAUNCH,IQVIA
INTEL_001077,TER_PA_03,17,31,35.62,24.47,CURRENT_LAUNCH,Symphony Health
INTEL_001078,TER_PA_03,18,29,33.66,30.76,CURRENT_LAUNCH,Symphony Health
INTEL_001079,TER_PA_03,19,35,30.66,27.03,CURRENT_LAUNCH,Symphony Health
INTEL_001080,TER_PA_03,20,35,33.88,25.24,CURRENT_LAUNCH,IQVIA
