spend_id,month,year,channel,drug_name,spend_usd,territory_id,launch_phase
SPEND_00001,1,2021,Digital,VEXORIN,207408.03,,LAST_LAUNCH
SPEND_00002,1,2021,Print,VEXORIN,48179.23,,LAST_LAUNCH
SPEND_00003,1,2021,Congress,VEXORIN,82196.27,,LAST_LAUNCH
SPEND_00004,1,2021,KOL_Engagement,VEXORIN,102475.16,,LAST_LAUNCH
SPEND_00005,1,2021,CME_Events,VEXORIN,7218.45,TER_NO_01,LAST_LAUNCH
SPEND_00006,1,2021,Samples,VEXORIN,9921.11,TER_NO_01,LAST_LAUNCH
SPEND_00007,1,2021,CME_Events,VEXORIN,7752.0,TER_NO_02,LAST_LAUNCH
SPEND_00008,1,2021,Samples,VEXORIN,14262.22,TER_NO_02,LAST_LAUNCH
SPEND_00009,1,2021,CME_Events,VEXORIN,6172.52,TER_NO_03,LAST_LAUNCH
SPEND_00010,1,2021,Samples,VEXORIN,10551.35,TER_NO_03,LAST_LAUNCH
SPEND_00011,1,2021,CME_Events,VEXORIN,7052.92,TER_SO_01,LAST_LAUNCH
SPEND_00012,1,2021,Samples,VEXORIN,14819.51,TER_SO_01,LAST_LAUNCH
SPEND_00013,1,2021,CME_Events,VEXORIN,5653.68,TER_SO_02,LAST_LAUNCH
SPEND_00014,1,2021,Samples,VEXORIN,13700.33,TER_SO_02,LAST_LAUNCH
SPEND_00015,1,2021,CME_Events,VEXORIN,8405.03,TER_SO_03,LAST_LAUNCH
SPEND_00016,1,2021,Samples,VEXORIN,10475.58,TER_SO_03,LAST_LAUNCH
SPEND_00017,1,2021,CME_Events,VEXORIN,9511.79,TER_MI_01,LAST_LAUNCH
SPEND_00018,1,2021,Samples,VEXORIN,14777.4,TER_MI_01,LAST_LAUNCH
SPEND_00019,1,2021,CME_Events,VEXORIN,7347.25,TER_MI_02,LAST_LAUNCH
SPEND_00020,1,2021,Samples,VEXORIN,13746.17,TER_MI_02,LAST_LAUNCH
SPEND_00021,1,2021,CME_Events,VEXORIN,6852.88,TER_MI_03,LAST_LAUNCH
SPEND_00022,1,2021,Samples,VEXORIN,9742.72,TER_MI_03,LAST_LAUNCH
SPEND_00023,1,2021,CME_Events,VEXORIN,8657.51,TER_MO_01,LAST_LAUNCH
SPEND_00024,1,2021,Samples,VEXORIN,12122.59,TER_MO_01,LAST_LAUNCH
SPEND_00025,1,2021,CME_Events,VEXORIN,9543.54,TER_MO_02,LAST_LAUNCH
SPEND_00026,1,2021,Samples,VEXORIN,13184.85,TER_MO_02,LAST_LAUNCH
SPEND_00027,1,2021,CME_Events,VEXORIN,8595.19,TER_MO_03,LAST_LAUNCH
SPEND_00028,1,2021,Samples,VEXORIN,9406.25,TER_MO_03,LAST_LAUNCH
SPEND_00029,1,2021,CME_Events,VEXORIN,8460.5,TER_PA_01,LAST_LAUNCH
SPEND_00030,1,2021,Samples,VEXORIN,10640.05,TER_PA_01,LAST_LAUNCH
SPEND_00031,1,2021,CME_Events,VEXORIN,8211.12,TER_PA_02,LAST_LAUNCH
SPEND_00032,1,2021,Samples,VEXORIN,14702.31,TER_PA_02,LAST_LAUNCH
SPEND_00033,1,2021,CME_Events,VEXORIN,8041.21,TER_PA_03,LAST_LAUNCH
SPEND_00034,1,2021,Samples,VEXORIN,12333.71,TER_PA_03,LAST_LAUNCH
SPEND_00035,2,2021,Digital,VEXORIN,208788.22,,LAST_LAUNCH
SPEND_00036,2,2021,Print,VEXORIN,41098.55,,LAST_LAUNCH
SPEND_00037,2,2021,Congress,VEXORIN,94120.2,,LAST_LAUNCH
SPEND_00038,2,2021,KOL_Engagement,VEXORIN,84246.35,,LAST_LAUNCH
SPEND_00039,2,2021,CME_Events,VEXORIN,7441.54,TER_NO_01,LAST_LAUNCH
SPEND_00040,2,2021,Samples,VEXORIN,12884.32,TER_NO_01,LAST_LAUNCH
SPEND_00041,2,2021,CME_Events,VEXORIN,8981.54,TER_NO_02,LAST_LAUNCH
SPEND_00042,2,2021,Samples,VEXORIN,14325.56,TER_NO_02,LAST_LAUNCH
SPEND_00043,2,2021,CME_Events,VEXORIN,8391.24,TER_NO_03,LAST_LAUNCH
SPEND_00044,2,2021,Samples,VEXORIN,9527.92,TER_NO_03,LAST_LAUNCH
SPEND_00045,2,2021,CME_Events,VEXORIN,6560.68,TER_SO_01,LAST_LAUNCH
SPEND_00046,2,2021,Samples,VEXORIN,14665.74,TER_SO_01,LAST_LAUNCH
SPEND_00047,2,2021,CME_Events,VEXORIN,5970.31,TER_SO_02,LAST_LAUNCH
SPEND_00048,2,2021,Samples,VEXORIN,11167.93,TER_SO_02,LAST_LAUNCH
SPEND_00049,2,2021,CME_Events,VEXORIN,7369.36,TER_SO_03,LAST_LAUNCH
SPEND_00050,2,2021,Samples,VEXORIN,9648.35,TER_SO_03,LAST_LAUNCH
SPEND_00051,2,2021,CME_Events,VEXORIN,9786.15,TER_MI_01,LAST_LAUNCH
SPEND_00052,2,2021,Samples,VEXORIN,12702.62,TER_MI_01,LAST_LAUNCH
SPEND_00053,2,2021,CME_Events,VEXORIN,7522.85,TER_MI_02,LAST_LAUNCH
SPEND_00054,2,2021,Samples,VEXORIN,9069.94,TER_MI_02,LAST_LAUNCH
SPEND_00055,2,2021,CME_Events,VEXORIN,8935.78,TER_MI_03,LAST_LAUNCH
SPEND_00056,2,2021,Samples,VEXORIN,13432.25,TER_MI_03,LAST_LAUNCH
SPEND_00057,2,2021,CME_Events,VEXORIN,7525.09,TER_MO_01,LAST_LAUNCH
SPEND_00058,2,2021,Samples,VEXORIN,15345.74,TER_MO_01,LAST_LAUNCH
SPEND_00059,2,2021,CME_Events,VEXORIN,7648.05,TER_MO_02,LAST_LAUNCH
SPEND_00060,2,2021,Samples,VEXORIN,12211.24,TER_MO_02,LAST_LAUNCH
SPEND_00061,2,2021,CME_Events,VEXORIN,5800.28,TER_MO_03,LAST_LAUNCH
SPEND_00062,2,2021,Samples,VEXORIN,9657.03,TER_MO_03,LAST_LAUNCH
SPEND_00063,2,2021,CME_Events,VEXORIN,6838.89,TER_PA_01,LAST_LAUNCH
SPEND_00064,2,2021,Samples,VEXORIN,9219.03,TER_PA_01,LAST_LAUNCH
SPEND_00065,2,2021,CME_Events,VEXORIN,9056.28,TER_PA_02,LAST_LAUNCH
SPEND_00066,2,2021,Samples,VEXORIN,14357.21,TER_PA_02,LAST_LAUNCH
SPEND_00067,2,2021,CME_Events,VEXORIN,10394.8,TER_PA_03,LAST_LAUNCH
SPEND_00068,2,2021,Samples,VEXORIN,12392.23,TER_PA_03,LAST_LAUNCH
SPEND_00069,3,2021,Digital,VEXORIN,202037.97,,LAST_LAUNCH
SPEND_00070,3,2021,Print,VEXORIN,51345.47,,LAST_LAUNCH
SPEND_00071,3,2021,Congress,VEXORIN,74870.82,,LAST_LAUNCH
SPEND_00072,3,2021,KOL_Engagement,VEXORIN,85853.02,,LAST_LAUNCH
SPEND_00073,3,2021,CME_Events,VEXORIN,6490.46,TER_NO_01,LAST_LAUNCH
SPEND_00074,3,2021,Samples,VEXORIN,11416.25,TER_NO_01,LAST_LAUNCH
SPEND_00075,3,2021,CME_Events,VEXORIN,6263.17,TER_NO_02,LAST_LAUNCH
SPEND_00076,3,2021,Samples,VEXORIN,12784.2,TER_NO_02,LAST_LAUNCH
SPEND_00077,3,2021,CME_Events,VEXORIN,9830.68,TER_NO_03,LAST_LAUNCH
SPEND_00078,3,2021,Samples,VEXORIN,15222.83,TER_NO_03,LAST_LAUNCH
SPEND_00079,3,2021,CME_Events,VEXORIN,7279.35,TER_SO_01,LAST_LAUNCH
SPEND_00080,3,2021,Samples,VEXORIN,14576.15,TER_SO_01,LAST_LAUNCH
SPEND_00081,3,2021,CME_Events,VEXORIN,7716.62,TER_SO_02,LAST_LAUNCH
SPEND_00082,3,2021,Samples,VEXORIN,11646.83,TER_SO_02,LAST_LAUNCH
SPEND_00083,3,2021,CME_Events,VEXORIN,7867.51,TER_SO_03,LAST_LAUNCH
SPEND_00084,3,2021,Samples,VEXORIN,14752.43,TER_SO_03,LAST_LAUNCH
SPEND_00085,3,2021,CME_Events,VEXORIN,9090.28,TER_MI_01,LAST_LAUNCH
SPEND_00086,3,2021,Samples,VEXORIN,13212.03,TER_MI_01,LAST_LAUNCH
SPEND_00087,3,2021,CME_Events,VEXORIN,7645.41,TER_MI_02,LAST_LAUNCH
SPEND_00088,3,2021,Samples,VEXORIN,9348.18,TER_MI_02,LAST_LAUNCH
SPEND_00089,3,2021,CME_Events,VEXORIN,10240.72,TER_MI_03,LAST_LAUNCH
SPEND_00090,3,2021,Samples,VEXORIN,9332.27,TER_MI_03,LAST_LAUNCH
SPEND_00091,3,2021,CME_Events,VEXORIN,10132.81,TER_MO_01,LAST_LAUNCH
SPEND_00092,3,2021,Samples,VEXORIN,14971.99,TER_MO_01,LAST_LAUNCH
SPEND_00093,3,2021,CME_Events,VEXORIN,7235.27,TER_MO_02,LAST_LAUNCH
SPEND_00094,3,2021,Samples,VEXORIN,14997.86,TER_MO_02,LAST_LAUNCH
SPEND_00095,3,2021,CME_Events,VEXORIN,5655.99,TER_MO_03,LAST_LAUNCH
SPEND_00096,3,2021,Samples,VEXORIN,14553.87,TER_MO_03,LAST_LAUNCH
SPEND_00097,3,2021,CME_Events,VEXORIN,9189.27,TER_PA_01,LAST_LAUNCH
SPEND_00098,3,2021,Samples,VEXORIN,9756.97,TER_PA_01,LAST_LAUNCH
SPEND_00099,3,2021,CME_Events,VEXORIN,9355.03,TER_PA_02,LAST_LAUNCH
SPEND_00100,3,2021,Samples,VEXORIN,14746.36,TER_PA_02,LAST_LAUNCH
SPEND_00101,3,2021,CME_Events,VEXORIN,8753.73,TER_PA_03,LAST_LAUNCH
SPEND_00102,3,2021,Samples,VEXORIN,15450.13,TER_PA_03,LAST_LAUNCH
SPEND_00103,4,2021,Digital,VEXORIN,247084.81,,LAST_LAUNCH
SPEND_00104,4,2021,Print,VEXORIN,42572.68,,LAST_LAUNCH
SPEND_00105,4,2021,Congress,VEXORIN,78874.64,,LAST_LAUNCH
SPEND_00106,4,2021,KOL_Engagement,VEXORIN,100381.77,,LAST_LAUNCH
SPEND_00107,4,2021,CME_Events,VEXORIN,7680.23,TER_NO_01,LAST_LAUNCH
SPEND_00108,4,2021,Samples,VEXORIN,11170.96,TER_NO_01,LAST_LAUNCH
SPEND_00109,4,2021,CME_Events,VEXORIN,8614.0,TER_NO_02,LAST_LAUNCH
SPEND_00110,4,2021,Samples,VEXORIN,11306.58,TER_NO_02,LAST_LAUNCH
SPEND_00111,4,2021,CME_Events,VEXORIN,6634.12,TER_NO_03,LAST_LAUNCH
SPEND_00112,4,2021,Samples,VEXORIN,9754.49,TER_NO_03,LAST_LAUNCH
SPEND_00113,4,2021,CME_Events,VEXORIN,6010.7,TER_SO_01,LAST_LAUNCH
SPEND_00114,4,2021,Samples,VEXORIN,8469.95,TER_SO_01,LAST_LAUNCH
SPEND_00115,4,2021,CME_Events,VEXORIN,9528.0,TER_SO_02,LAST_LAUNCH
SPEND_00116,4,2021,Samples,VEXORIN,15208.16,TER_SO_02,LAST_LAUNCH
SPEND_00117,4,2021,CME_Events,VEXORIN,8253.23,TER_SO_03,LAST_LAUNCH
SPEND_00118,4,2021,Samples,VEXORIN,11207.14,TER_SO_03,LAST_LAUNCH
SPEND_00119,4,2021,CME_Events,VEXORIN,7779.42,TER_MI_01,LAST_LAUNCH
SPEND_00120,4,2021,Samples,VEXORIN,12072.17,TER_MI_01,LAST_LAUNCH
SPEND_00121,4,2021,CME_Events,VEXORIN,8550.54,TER_MI_02,LAST_LAUNCH
SPEND_00122,4,2021,Samples,VEXORIN,9704.48,TER_MI_02,LAST_LAUNCH
SPEND_00123,4,2021,CME_Events,VEXORIN,9609.72,TER_MI_03,LAST_LAUNCH
SPEND_00124,4,2021,Samples,VEXORIN,12519.96,TER_MI_03,LAST_LAUNCH
SPEND_00125,4,2021,CME_Events,VEXORIN,6332.9,TER_MO_01,LAST_LAUNCH
SPEND_00126,4,2021,Samples,VEXORIN,12042.61,TER_MO_01,LAST_LAUNCH
SPEND_00127,4,2021,CME_Events,VEXORIN,9718.1,TER_MO_02,LAST_LAUNCH
SPEND_00128,4,2021,Samples,VEXORIN,8489.83,TER_MO_02,LAST_LAUNCH
SPEND_00129,4,2021,CME_Events,VEXORIN,5762.84,TER_MO_03,LAST_LAUNCH
SPEND_00130,4,2021,Samples,VEXORIN,13154.68,TER_MO_03,LAST_LAUNCH
SPEND_00131,4,2021,CME_Events,VEXORIN,9641.95,TER_PA_01,LAST_LAUNCH
SPEND_00132,4,2021,Samples,VEXORIN,14354.22,TER_PA_01,LAST_LAUNCH
SPEND_00133,4,2021,CME_Events,VEXORIN,6458.43,TER_PA_02,LAST_LAUNCH
SPEND_00134,4,2021,Samples,VEXORIN,10039.12,TER_PA_02,LAST_LAUNCH
SPEND_00135,4,2021,CME_Events,VEXORIN,8941.27,TER_PA_03,LAST_LAUNCH
SPEND_00136,4,2021,Samples,VEXORIN,10936.07,TER_PA_03,LAST_LAUNCH
SPEND_00137,5,2021,Digital,VEXORIN,232220.23,,LAST_LAUNCH
SPEND_00138,5,2021,Print,VEXORIN,51580.12,,LAST_LAUNCH
SPEND_00139,5,2021,Congress,VEXORIN,87213.96,,LAST_LAUNCH
SPEND_00140,5,2021,KOL_Engagement,VEXORIN,84764.19,,LAST_LAUNCH
SPEND_00141,5,2021,CME_Events,VEXORIN,8814.37,TER_NO_01,LAST_LAUNCH
SPEND_00142,5,2021,Samples,VEXORIN,13204.09,TER_NO_01,LAST_LAUNCH
SPEND_00143,5,2021,CME_Events,VEXORIN,7599.68,TER_NO_02,LAST_LAUNCH
SPEND_00144,5,2021,Samples,VEXORIN,9617.12,TER_NO_02,LAST_LAUNCH
SPEND_00145,5,2021,CME_Events,VEXORIN,9220.05,TER_NO_03,LAST_LAUNCH
SPEND_00146,5,2021,Samples,VEXORIN,10125.38,TER_NO_03,LAST_LAUNCH
SPEND_00147,5,2021,CME_Events,VEXORIN,10092.84,TER_SO_01,LAST_LAUNCH
SPEND_00148,5,2021,Samples,VEXORIN,14938.78,TER_SO_01,LAST_LAUNCH
SPEND_00149,5,2021,CME_Events,VEXORIN,8959.6,TER_SO_02,LAST_LAUNCH
SPEND_00150,5,2021,Samples,VEXORIN,12472.56,TER_SO_02,LAST_LAUNCH
SPEND_00151,5,2021,CME_Events,VEXORIN,8999.59,TER_SO_03,LAST_LAUNCH
SPEND_00152,5,2021,Samples,VEXORIN,11913.67,TER_SO_03,LAST_LAUNCH
SPEND_00153,5,2021,CME_Events,VEXORIN,5781.51,TER_MI_01,LAST_LAUNCH
SPEND_00154,5,2021,Samples,VEXORIN,15049.94,TER_MI_01,LAST_LAUNCH
SPEND_00155,5,2021,CME_Events,VEXORIN,6685.71,TER_MI_02,LAST_LAUNCH
SPEND_00156,5,2021,Samples,VEXORIN,10171.24,TER_MI_02,LAST_LAUNCH
SPEND_00157,5,2021,CME_Events,VEXORIN,8558.33,TER_MI_03,LAST_LAUNCH
SPEND_00158,5,2021,Samples,VEXORIN,8606.72,TER_MI_03,LAST_LAUNCH
SPEND_00159,5,2021,CME_Events,VEXORIN,7113.16,TER_MO_01,LAST_LAUNCH
SPEND_00160,5,2021,Samples,VEXORIN,15195.61,TER_MO_01,LAST_LAUNCH
SPEND_00161,5,2021,CME_Events,VEXORIN,5675.91,TER_MO_02,LAST_LAUNCH
SPEND_00162,5,2021,Samples,VEXORIN,14394.24,TER_MO_02,LAST_LAUNCH
SPEND_00163,5,2021,CME_Events,VEXORIN,7359.06,TER_MO_03,LAST_LAUNCH
SPEND_00164,5,2021,Samples,VEXORIN,15405.92,TER_MO_03,LAST_LAUNCH
SPEND_00165,5,2021,CME_Events,VEXORIN,7147.81,TER_PA_01,LAST_LAUNCH
SPEND_00166,5,2021,Samples,VEXORIN,10152.69,TER_PA_01,LAST_LAUNCH
SPEND_00167,5,2021,CME_Events,VEXORIN,7267.61,TER_PA_02,LAST_LAUNCH
SPEND_00168,5,2021,Samples,VEXORIN,15102.66,TER_PA_02,LAST_LAUNCH
SPEND_00169,5,2021,CME_Events,VEXORIN,6596.23,TER_PA_03,LAST_LAUNCH
SPEND_00170,5,2021,Samples,VEXORIN,10563.97,TER_PA_03,LAST_LAUNCH
SPEND_00171,6,2021,Digital,VEXORIN,201674.23,,LAST_LAUNCH
SPEND_00172,6,2021,Print,VEXORIN,39900.33,,LAST_LAUNCH
SPEND_00173,6,2021,Congress,VEXORIN,87739.72,,LAST_LAUNCH
SPEND_00174,6,2021,KOL_Engagement,VEXORIN,86939.56,,LAST_LAUNCH
SPEND_00175,6,2021,CME_Events,VEXORIN,8233.33,TER_NO_01,LAST_LAUNCH
SPEND_00176,6,2021,Samples,VEXORIN,11122.27,TER_NO_01,LAST_LAUNCH
SPEND_00177,6,2021,CME_Events,VEXORIN,9034.05,TER_NO_02,LAST_LAUNCH
SPEND_00178,6,2021,Samples,VEXORIN,14807.01,TER_NO_02,LAST_LAUNCH
SPEND_00179,6,2021,CME_Events,VEXORIN,8280.25,TER_NO_03,LAST_LAUNCH
SPEND_00180,6,2021,Samples,VEXORIN,8404.62,TER_NO_03,LAST_LAUNCH
SPEND_00181,6,2021,CME_Events,VEXORIN,9258.2,TER_SO_01,LAST_LAUNCH
SPEND_00182,6,2021,Samples,VEXORIN,12491.13,TER_SO_01,LAST_LAUNCH
SPEND_00183,6,2021,CME_Events,VEXORIN,9851.73,TER_SO_02,LAST_LAUNCH
SPEND_00184,6,2021,Samples,VEXORIN,14792.14,TER_SO_02,LAST_LAUNCH
SPEND_00185,6,2021,CME_Events,VEXORIN,6898.77,TER_SO_03,LAST_LAUNCH
SPEND_00186,6,2021,Samples,VEXORIN,9209.53,TER_SO_03,LAST_LAUNCH
SPEND_00187,6,2021,CME_Events,VEXORIN,7603.75,TER_MI_01,LAST_LAUNCH
SPEND_00188,6,2021,Samples,VEXORIN,13753.8,TER_MI_01,LAST_LAUNCH
SPEND_00189,6,2021,CME_Events,VEXORIN,5840.48,TER_MI_02,LAST_LAUNCH
SPEND_00190,6,2021,Samples,VEXORIN,13652.1,TER_MI_02,LAST_LAUNCH
SPEND_00191,6,2021,CME_Events,VEXORIN,9632.42,TER_MI_03,LAST_LAUNCH
SPEND_00192,6,2021,Samples,VEXORIN,13283.81,TER_MI_03,LAST_LAUNCH
SPEND_00193,6,2021,CME_Events,VEXORIN,9572.13,TER_MO_01,LAST_LAUNCH
SPEND_00194,6,2021,Samples,VEXORIN,10741.83,TER_MO_01,LAST_LAUNCH
SPEND_00195,6,2021,CME_Events,VEXORIN,6044.51,TER_MO_02,LAST_LAUNCH
SPEND_00196,6,2021,Samples,VEXORIN,10265.48,TER_MO_02,LAST_LAUNCH
SPEND_00197,6,2021,CME_Events,VEXORIN,9056.19,TER_MO_03,LAST_LAUNCH
SPEND_00198,6,2021,Samples,VEXORIN,8948.94,TER_MO_03,LAST_LAUNCH
SPEND_00199,6,2021,CME_Events,VEXORIN,7809.67,TER_PA_01,LAST_LAUNCH
SPEND_00200,6,2021,Samples,VEXORIN,10056.03,TER_PA_01,LAST_LAUNCH
SPEND_00201,6,2021,CME_Events,VEXORIN,8194.06,TER_PA_02,LAST_LAUNCH
SPEND_00202,6,2021,Samples,VEXORIN,13871.33,TER_PA_02,LAST_LAUNCH
SPEND_00203,6,2021,CME_Events,VEXORIN,10399.43,TER_PA_03,LAST_LAUNCH
SPEND_00204,6,2021,Samples,VEXORIN,8906.94,TER_PA_03,LAST_LAUNCH
SPEND_00205,7,2021,Digital,VEXORIN,206402.99,,LAST_LAUNCH
SPEND_00206,7,2021,Print,VEXORIN,40501.31,,LAST_LAUNCH
SPEND_00207,7,2021,Congress,VEXORIN,96871.91,,LAST_LAUNCH
SPEND_00208,7,2021,KOL_Engagement,VEXORIN,87608.05,,LAST_LAUNCH
SPEND_00209,7,2021,CME_Events,VEXORIN,6647.59,TER_NO_01,LAST_LAUNCH
SPEND_00210,7,2021,Samples,VEXORIN,12949.55,TER_NO_01,LAST_LAUNCH
SPEND_00211,7,2021,CME_Events,VEXORIN,8018.59,TER_NO_02,LAST_LAUNCH
SPEND_00212,7,2021,Samples,VEXORIN,13370.27,TER_NO_02,LAST_LAUNCH
SPEND_00213,7,2021,CME_Events,VEXORIN,5617.95,TER_NO_03,LAST_LAUNCH
SPEND_00214,7,2021,Samples,VEXORIN,9490.42,TER_NO_03,LAST_LAUNCH
SPEND_00215,7,2021,CME_Events,VEXORIN,8105.36,TER_SO_01,LAST_LAUNCH
SPEND_00216,7,2021,Samples,VEXORIN,11762.16,TER_SO_01,LAST_LAUNCH
SPEND_00217,7,2021,CME_Events,VEXORIN,7797.61,TER_SO_02,LAST_LAUNCH
SPEND_00218,7,2021,Samples,VEXORIN,11666.29,TER_SO_02,LAST_LAUNCH
SPEND_00219,7,2021,CME_Events,VEXORIN,10336.69,TER_SO_03,LAST_LAUNCH
SPEND_00220,7,2021,Samples,VEXORIN,13395.34,TER_SO_03,LAST_LAUNCH
SPEND_00221,7,2021,CME_Events,VEXORIN,10112.72,TER_MI_01,LAST_LAUNCH
SPEND_00222,7,2021,Samples,VEXORIN,13910.48,TER_MI_01,LAST_LAUNCH
SPEND_00223,7,2021,CME_Events,VEXORIN,9379.73,TER_MI_02,LAST_LAUNCH
SPEND_00224,7,2021,Samples,VEXORIN,12322.59,TER_MI_02,LAST_LAUNCH
SPEND_00225,7,2021,CME_Events,VEXORIN,9916.71,TER_MI_03,LAST_LAUNCH
SPEND_00226,7,2021,Samples,VEXORIN,11237.74,TER_MI_03,LAST_LAUNCH
SPEND_00227,7,2021,CME_Events,VEXORIN,8867.33,TER_MO_01,LAST_LAUNCH
SPEND_00228,7,2021,Samples,VEXORIN,8709.8,TER_MO_01,LAST_LAUNCH
SPEND_00229,7,2021,CME_Events,VEXORIN,8090.48,TER_MO_02,LAST_LAUNCH
SPEND_00230,7,2021,Samples,VEXORIN,14976.95,TER_MO_02,LAST_LAUNCH
SPEND_00231,7,2021,CME_Events,VEXORIN,10365.12,TER_MO_03,LAST_LAUNCH
SPEND_00232,7,2021,Samples,VEXORIN,14246.77,TER_MO_03,LAST_LAUNCH
SPEND_00233,7,2021,CME_Events,VEXORIN,7264.66,TER_PA_01,LAST_LAUNCH
SPEND_00234,7,2021,Samples,VEXORIN,8921.59,TER_PA_01,LAST_LAUNCH
SPEND_00235,7,2021,CME_Events,VEXORIN,6702.03,TER_PA_02,LAST_LAUNCH
SPEND_00236,7,2021,Samples,VEXORIN,12520.71,TER_PA_02,LAST_LAUNCH
SPEND_00237,7,2021,CME_Events,VEXORIN,7995.81,TER_PA_03,LAST_LAUNCH
SPEND_00238,7,2021,Samples,VEXORIN,10290.01,TER_PA_03,LAST_LAUNCH
SPEND_00239,8,2021,Digital,VEXORIN,212508.99,,LAST_LAUNCH
SPEND_00240,8,2021,Print,VEXORIN,41265.79,,LAST_LAUNCH
SPEND_00241,8,2021,Congress,VEXORIN,85747.83,,LAST_LAUNCH
SPEND_00242,8,2021,KOL_Engagement,VEXORIN,82189.31,,LAST_LAUNCH
SPEND_00243,8,2021,CME_Events,VEXORIN,8056.58,TER_NO_01,LAST_LAUNCH
SPEND_00244,8,2021,Samples,VEXORIN,10282.69,TER_NO_01,LAST_LAUNCH
SPEND_00245,8,2021,CME_Events,VEXORIN,8422.94,TER_NO_02,LAST_LAUNCH
SPEND_00246,8,2021,Samples,VEXORIN,10328.34,TER_NO_02,LAST_LAUNCH
SPEND_00247,8,2021,CME_Events,VEXORIN,7945.59,TER_NO_03,LAST_LAUNCH
SPEND_00248,8,2021,Samples,VEXORIN,8775.66,TER_NO_03,LAST_LAUNCH
SPEND_00249,8,2021,CME_Events,VEXORIN,9607.66,TER_SO_01,LAST_LAUNCH
SPEND_00250,8,2021,Samples,VEXORIN,11352.09,TER_SO_01,LAST_LAUNCH
SPEND_00251,8,2021,CME_Events,VEXORIN,9423.17,TER_SO_02,LAST_LAUNCH
SPEND_00252,8,2021,Samples,VEXORIN,12007.54,TER_SO_02,LAST_LAUNCH
SPEND_00253,8,2021,CME_Events,VEXORIN,5613.15,TER_SO_03,LAST_LAUNCH
SPEND_00254,8,2021,Samples,VEXORIN,15014.45,TER_SO_03,LAST_LAUNCH
SPEND_00255,8,2021,CME_Events,VEXORIN,9779.67,TER_MI_01,LAST_LAUNCH
SPEND_00256,8,2021,Samples,VEXORIN,8665.35,TER_MI_01,LAST_LAUNCH
SPEND_00257,8,2021,CME_Events,VEXORIN,10033.66,TER_MI_02,LAST_LAUNCH
SPEND_00258,8,2021,Samples,VEXORIN,15077.99,TER_MI_02,LAST_LAUNCH
SPEND_00259,8,2021,CME_Events,VEXORIN,7920.56,TER_MI_03,LAST_LAUNCH
SPEND_00260,8,2021,Samples,VEXORIN,8709.14,TER_MI_03,LAST_LAUNCH
SPEND_00261,8,2021,CME_Events,VEXORIN,9600.03,TER_MO_01,LAST_LAUNCH
SPEND_00262,8,2021,Samples,VEXORIN,9573.72,TER_MO_01,LAST_LAUNCH
SPEND_00263,8,2021,CME_Events,VEXORIN,5924.36,TER_MO_02,LAST_LAUNCH
SPEND_00264,8,2021,Samples,VEXORIN,11489.59,TER_MO_02,LAST_LAUNCH
SPEND_00265,8,2021,CME_Events,VEXORIN,7271.27,TER_MO_03,LAST_LAUNCH
SPEND_00266,8,2021,Samples,VEXORIN,13230.05,TER_MO_03,LAST_LAUNCH
SPEND_00267,8,2021,CME_Events,VEXORIN,6222.75,TER_PA_01,LAST_LAUNCH
SPEND_00268,8,2021,Samples,VEXORIN,12772.23,TER_PA_01,LAST_LAUNCH
SPEND_00269,8,2021,CME_Events,VEXORIN,7524.78,TER_PA_02,LAST_LAUNCH
SPEND_00270,8,2021,Samples,VEXORIN,14659.73,TER_PA_02,LAST_LAUNCH
SPEND_00271,8,2021,CME_Events,VEXORIN,6306.92,TER_PA_03,LAST_LAUNCH
SPEND_00272,8,2021,Samples,VEXORIN,14013.81,TER_PA_03,LAST_LAUNCH
SPEND_00273,9,2021,Digital,VEXORIN,243053.02,,LAST_LAUNCH
SPEND_00274,9,2021,Print,VEXORIN,49176.51,,LAST_LAUNCH
SPEND_00275,9,2021,Congress,VEXORIN,84659.3,,LAST_LAUNCH
SPEND_00276,9,2021,KOL_Engagement,VEXORIN,108698.95,,LAST_LAUNCH
SPEND_00277,9,2021,CME_Events,VEXORIN,9047.52,TER_NO_01,LAST_LAUNCH
SPEND_00278,9,2021,Samples,VEXORIN,9737.71,TER_NO_01,LAST_LAUNCH
SPEND_00279,9,2021,CME_Events,VEXORIN,10086.75,TER_NO_02,LAST_LAUNCH
SPEND_00280,9,2021,Samples,VEXORIN,9164.08,TER_NO_02,LAST_LAUNCH
SPEND_00281,9,2021,CME_Events,VEXORIN,9035.01,TER_NO_03,LAST_LAUNCH
SPEND_00282,9,2021,Samples,VEXORIN,9803.32,TER_NO_03,LAST_LAUNCH
SPEND_00283,9,2021,CME_Events,VEXORIN,5981.72,TER_SO_01,LAST_LAUNCH
SPEND_00284,9,2021,Samples,VEXORIN,12730.66,TER_SO_01,LAST_LAUNCH
SPEND_00285,9,2021,CME_Events,VEXORIN,6695.26,TER_SO_02,LAST_LAUNCH
SPEND_00286,9,2021,Samples,VEXORIN,11279.31,TER_SO_02,LAST_LAUNCH
SPEND_00287,9,2021,CME_Events,VEXORIN,8897.13,TER_SO_03,LAST_LAUNCH
SPEND_00288,9,2021,Samples,VEXORIN,14180.05,TER_SO_03,LAST_LAUNCH
SPEND_00289,9,2021,CME_Events,VEXORIN,5874.14,TER_MI_01,LAST_LAUNCH
SPEND_00290,9,2021,Samples,VEXORIN,10979.31,TER_MI_01,LAST_LAUNCH
SPEND_00291,9,2021,CME_Events,VEXORIN,6818.9,TER_MI_02,LAST_LAUNCH
SPEND_00292,9,2021,Samples,VEXORIN,10108.98,TER_MI_02,LAST_LAUNCH
SPEND_00293,9,2021,CME_Events,VEXORIN,6296.26,TER_MI_03,LAST_LAUNCH
SPEND_00294,9,2021,Samples,VEXORIN,15134.51,TER_MI_03,LAST_LAUNCH
SPEND_00295,9,2021,CME_Events,VEXORIN,8625.21,TER_MO_01,LAST_LAUNCH
SPEND_00296,9,2021,Samples,VEXORIN,11801.09,TER_MO_01,LAST_LAUNCH
SPEND_00297,9,2021,CME_Events,VEXORIN,8006.15,TER_MO_02,LAST_LAUNCH
SPEND_00298,9,2021,Samples,VEXORIN,14462.94,TER_MO_02,LAST_LAUNCH
SPEND_00299,9,2021,CME_Events,VEXORIN,5697.36,TER_MO_03,LAST_LAUNCH
SPEND_00300,9,2021,Samples,VEXORIN,14568.71,TER_MO_03,LAST_LAUNCH
SPEND_00301,9,2021,CME_Events,VEXORIN,6081.03,TER_PA_01,LAST_LAUNCH
SPEND_00302,9,2021,Samples,VEXORIN,9005.12,TER_PA_01,LAST_LAUNCH
SPEND_00303,9,2021,CME_Events,VEXORIN,10328.89,TER_PA_02,LAST_LAUNCH
SPEND_00304,9,2021,Samples,VEXORIN,12568.28,TER_PA_02,LAST_LAUNCH
SPEND_00305,9,2021,CME_Events,VEXORIN,6960.65,TER_PA_03,LAST_LAUNCH
SPEND_00306,9,2021,Samples,VEXORIN,12044.05,TER_PA_03,LAST_LAUNCH
SPEND_00307,10,2021,Digital,VEXORIN,242260.98,,LAST_LAUNCH
SPEND_00308,10,2021,Print,VEXORIN,41761.13,,LAST_LAUNCH
SPEND_00309,10,2021,Congress,VEXORIN,93430.66,,LAST_LAUNCH
SPEND_00310,10,2021,KOL_Engagement,VEXORIN,93692.98,,LAST_LAUNCH
SPEND_00311,10,2021,CME_Events,VEXORIN,9985.23,TER_NO_01,LAST_LAUNCH
SPEND_00312,10,2021,Samples,VEXORIN,13594.88,TER_NO_01,LAST_LAUNCH
SPEND_00313,10,2021,CME_Events,VEXORIN,6539.37,TER_NO_02,LAST_LAUNCH
SPEND_00314,10,2021,Samples,VEXORIN,13053.38,TER_NO_02,LAST_LAUNCH
SPEND_00315,10,2021,CME_Events,VEXORIN,9819.38,TER_NO_03,LAST_LAUNCH
SPEND_00316,10,2021,Samples,VEXORIN,11398.04,TER_NO_03,LAST_LAUNCH
SPEND_00317,10,2021,CME_Events,VEXORIN,7822.69,TER_SO_01,LAST_LAUNCH
SPEND_00318,10,2021,Samples,VEXORIN,9597.88,TER_SO_01,LAST_LAUNCH
SPEND_00319,10,2021,CME_Events,VEXORIN,8201.79,TER_SO_02,LAST_LAUNCH
SPEND_00320,10,2021,Samples,VEXORIN,9174.62,TER_SO_02,LAST_LAUNCH
SPEND_00321,10,2021,CME_Events,VEXORIN,9573.46,TER_SO_03,LAST_LAUNCH
SPEND_00322,10,2021,Samples,VEXORIN,9765.15,TER_SO_03,LAST_LAUNCH
SPEND_00323,10,2021,CME_Events,VEXORIN,8935.46,TER_MI_01,LAST_LAUNCH
SPEND_00324,10,2021,Samples,VEXORIN,8742.0,TER_MI_01,LAST_LAUNCH
SPEND_00325,10,2021,CME_Events,VEXORIN,8760.97,TER_MI_02,LAST_LAUNCH
SPEND_00326,10,2021,Samples,VEXORIN,13190.87,TER_MI_02,LAST_LAUNCH
SPEND_00327,10,2021,CME_Events,VEXORIN,5792.43,TER_MI_03,LAST_LAUNCH
SPEND_00328,10,2021,Samples,VEXORIN,11050.27,TER_MI_03,LAST_LAUNCH
SPEND_00329,10,2021,CME_Events,VEXORIN,6142.6,TER_MO_01,LAST_LAUNCH
SPEND_00330,10,2021,Samples,VEXORIN,14693.06,TER_MO_01,LAST_LAUNCH
SPEND_00331,10,2021,CME_Events,VEXORIN,9931.78,TER_MO_02,LAST_LAUNCH
SPEND_00332,10,2021,Samples,VEXORIN,11674.42,TER_MO_02,LAST_LAUNCH
SPEND_00333,10,2021,CME_Events,VEXORIN,10084.2,TER_MO_03,LAST_LAUNCH
SPEND_00334,10,2021,Samples,VEXORIN,15275.12,TER_MO_03,LAST_LAUNCH
SPEND_00335,10,2021,CME_Events,VEXORIN,6194.71,TER_PA_01,LAST_LAUNCH
SPEND_00336,10,2021,Samples,VEXORIN,10413.94,TER_PA_01,LAST_LAUNCH
SPEND_00337,10,2021,CME_Events,VEXORIN,6429.17,TER_PA_02,LAST_LAUNCH
SPEND_00338,10,2021,Samples,VEXORIN,14066.14,TER_PA_02,LAST_LAUNCH
SPEND_00339,10,2021,CME_Events,VEXORIN,8387.52,TER_PA_03,LAST_LAUNCH
SPEND_00340,10,2021,Samples,VEXORIN,12709.67,TER_PA_03,LAST_LAUNCH
SPEND_00341,11,2021,Digital,VEXORIN,204175.66,,LAST_LAUNCH
SPEND_00342,11,2021,Print,VEXORIN,40569.37,,LAST_LAUNCH
SPEND_00343,11,2021,Congress,VEXORIN,100241.96,,LAST_LAUNCH
SPEND_00344,11,2021,KOL_Engagement,VEXORIN,101497.81,,LAST_LAUNCH
SPEND_00345,11,2021,CME_Events,VEXORIN,7586.38,TER_NO_01,LAST_LAUNCH
SPEND_00346,11,2021,Samples,VEXORIN,9348.74,TER_NO_01,LAST_LAUNCH
SPEND_00347,11,2021,CME_Events,VEXORIN,8602.24,TER_NO_02,LAST_LAUNCH
SPEND_00348,11,2021,Samples,VEXORIN,12908.91,TER_NO_02,LAST_LAUNCH
SPEND_00349,11,2021,CME_Events,VEXORIN,10257.62,TER_NO_03,LAST_LAUNCH
SPEND_00350,11,2021,Samples,VEXORIN,9882.1,TER_NO_03,LAST_LAUNCH
SPEND_00351,11,2021,CME_Events,VEXORIN,6433.79,TER_SO_01,LAST_LAUNCH
SPEND_00352,11,2021,Samples,VEXORIN,14418.79,TER_SO_01,LAST_LAUNCH
SPEND_00353,11,2021,CME_Events,VEXORIN,5884.94,TER_SO_02,LAST_LAUNCH
SPEND_00354,11,2021,Samples,VEXORIN,9412.79,TER_SO_02,LAST_LAUNCH
SPEND_00355,11,2021,CME_Events,VEXORIN,5897.69,TER_SO_03,LAST_LAUNCH
SPEND_00356,11,2021,Samples,VEXORIN,11780.43,TER_SO_03,LAST_LAUNCH
SPEND_00357,11,2021,CME_Events,VEXORIN,7679.76,TER_MI_01,LAST_LAUNCH
SPEND_00358,11,2021,Samples,VEXORIN,11529.22,TER_MI_01,LAST_LAUNCH
SPEND_00359,11,2021,CME_Events,VEXORIN,8938.77,TER_MI_02,LAST_LAUNCH
SPEND_00360,11,2021,Samples,VEXORIN,14659.39,TER_MI_02,LAST_LAUNCH
SPEND_00361,11,2021,CME_Events,VEXORIN,5638.61,TER_MI_03,LAST_LAUNCH
SPEND_00362,11,2021,Samples,VEXORIN,13975.1,TER_MI_03,LAST_LAUNCH
SPEND_00363,11,2021,CME_Events,VEXORIN,8692.55,TER_MO_01,LAST_LAUNCH
SPEND_00364,11,2021,Samples,VEXORIN,12461.85,TER_MO_01,LAST_LAUNCH
SPEND_00365,11,2021,CME_Events,VEXORIN,9986.58,TER_MO_02,LAST_LAUNCH
SPEND_00366,11,2021,Samples,VEXORIN,15493.62,TER_MO_02,LAST_LAUNCH
SPEND_00367,11,2021,CME_Events,VEXORIN,7454.89,TER_MO_03,LAST_LAUNCH
SPEND_00368,11,2021,Samples,VEXORIN,13153.15,TER_MO_03,LAST_LAUNCH
SPEND_00369,11,2021,CME_Events,VEXORIN,5676.44,TER_PA_01,LAST_LAUNCH
SPEND_00370,11,2021,Samples,VEXORIN,9811.94,TER_PA_01,LAST_LAUNCH
SPEND_00371,11,2021,CME_Events,VEXORIN,6001.92,TER_PA_02,LAST_LAUNCH
SPEND_00372,11,2021,Samples,VEXORIN,13629.0,TER_PA_02,LAST_LAUNCH
SPEND_00373,11,2021,CME_Events,VEXORIN,8632.6,TER_PA_03,LAST_LAUNCH
SPEND_00374,11,2021,Samples,VEXORIN,10883.77,TER_PA_03,LAST_LAUNCH
SPEND_00375,12,2021,Digital,VEXORIN,242366.0,,LAST_LAUNCH
SPEND_00376,12,2021,Print,VEXORIN,51313.82,,LAST_LAUNCH
SPEND_00377,12,2021,Congress,VEXORIN,97491.47,,LAST_LAUNCH
SPEND_00378,12,2021,KOL_Engagement,VEXORIN,99797.76,,LAST_LAUNCH
SPEND_00379,12,2021,CME_Events,VEXORIN,10385.95,TER_NO_01,LAST_LAUNCH
SPEND_00380,12,2021,Samples,VEXORIN,15457.17,TER_NO_01,LAST_LAUNCH
SPEND_00381,12,2021,CME_Events,VEXORIN,9288.78,TER_NO_02,LAST_LAUNCH
SPEND_00382,12,2021,Samples,VEXORIN,10531.89,TER_NO_02,LAST_LAUNCH
SPEND_00383,12,2021,CME_Events,VEXORIN,10189.62,TER_NO_03,LAST_LAUNCH
SPEND_00384,12,2021,Samples,VEXORIN,9219.0,TER_NO_03,LAST_LAUNCH
SPEND_00385,12,2021,CME_Events,VEXORIN,6232.3,TER_SO_01,LAST_LAUNCH
SPEND_00386,12,2021,Samples,VEXORIN,9630.39,TER_SO_01,LAST_LAUNCH
SPEND_00387,12,2021,CME_Events,VEXORIN,10065.36,TER_SO_02,LAST_LAUNCH
SPEND_00388,12,2021,Samples,VEXORIN,11691.93,TER_SO_02,LAST_LAUNCH
SPEND_00389,12,2021,CME_Events,VEXORIN,10344.98,TER_SO_03,LAST_LAUNCH
SPEND_00390,12,2021,Samples,VEXORIN,9571.49,TER_SO_03,LAST_LAUNCH
SPEND_00391,12,2021,CME_Events,VEXORIN,6224.09,TER_MI_01,LAST_LAUNCH
SPEND_00392,12,2021,Samples,VEXORIN,12727.57,TER_MI_01,LAST_LAUNCH
SPEND_00393,12,2021,CME_Events,VEXORIN,7105.37,TER_MI_02,LAST_LAUNCH
SPEND_00394,12,2021,Samples,VEXORIN,10123.61,TER_MI_02,LAST_LAUNCH
SPEND_00395,12,2021,CME_Events,VEXORIN,5953.64,TER_MI_03,LAST_LAUNCH
SPEND_00396,12,2021,Samples,VEXORIN,10794.51,TER_MI_03,LAST_LAUNCH
SPEND_00397,12,2021,CME_Events,VEXORIN,5898.43,TER_MO_01,LAST_LAUNCH
SPEND_00398,12,2021,Samples,VEXORIN,11229.57,TER_MO_01,LAST_LAUNCH
SPEND_00399,12,2021,CME_Events,VEXORIN,8876.74,TER_MO_02,LAST_LAUNCH
SPEND_00400,12,2021,Samples,VEXORIN,11544.25,TER_MO_02,LAST_LAUNCH
SPEND_00401,12,2021,CME_Events,VEXORIN,7759.59,TER_MO_03,LAST_LAUNCH
SPEND_00402,12,2021,Samples,VEXORIN,8787.57,TER_MO_03,LAST_LAUNCH
SPEND_00403,12,2021,CME_Events,VEXORIN,6660.79,TER_PA_01,LAST_LAUNCH
SPEND_00404,12,2021,Samples,VEXORIN,14489.68,TER_PA_01,LAST_LAUNCH
SPEND_00405,12,2021,CME_Events,VEXORIN,7205.19,TER_PA_02,LAST_LAUNCH
SPEND_00406,12,2021,Samples,VEXORIN,15350.36,TER_PA_02,LAST_LAUNCH
SPEND_00407,12,2021,CME_Events,VEXORIN,8281.8,TER_PA_03,LAST_LAUNCH
SPEND_00408,12,2021,Samples,VEXORIN,15344.61,TER_PA_03,LAST_LAUNCH
SPEND_00409,1,2022,Digital,VEXORIN,223588.44,,LAST_LAUNCH
SPEND_00410,1,2022,Print,VEXORIN,48972.92,,LAST_LAUNCH
SPEND_00411,1,2022,Congress,VEXORIN,99343.4,,LAST_LAUNCH
SPEND_00412,1,2022,KOL_Engagement,VEXORIN,88710.51,,LAST_LAUNCH
SPEND_00413,1,2022,CME_Events,VEXORIN,7604.54,TER_NO_01,LAST_LAUNCH
SPEND_00414,1,2022,Samples,VEXORIN,9755.48,TER_NO_01,LAST_LAUNCH
SPEND_00415,1,2022,CME_Events,VEXORIN,5820.65,TER_NO_02,LAST_LAUNCH
SPEND_00416,1,2022,Samples,VEXORIN,10755.92,TER_NO_02,LAST_LAUNCH
SPEND_00417,1,2022,CME_Events,VEXORIN,6292.33,TER_NO_03,LAST_LAUNCH
SPEND_00418,1,2022,Samples,VEXORIN,13669.91,TER_NO_03,LAST_LAUNCH
SPEND_00419,1,2022,CME_Events,VEXORIN,7888.43,TER_SO_01,LAST_LAUNCH
SPEND_00420,1,2022,Samples,VEXORIN,12836.31,TER_SO_01,LAST_LAUNCH
SPEND_00421,1,2022,CME_Events,VEXORIN,5749.29,TER_SO_02,LAST_LAUNCH
SPEND_00422,1,2022,Samples,VEXORIN,15313.82,TER_SO_02,LAST_LAUNCH
SPEND_00423,1,2022,CME_Events,VEXORIN,6433.38,TER_SO_03,LAST_LAUNCH
SPEND_00424,1,2022,Samples,VEXORIN,10937.73,TER_SO_03,LAST_LAUNCH
SPEND_00425,1,2022,CME_Events,VEXORIN,8630.08,TER_MI_01,LAST_LAUNCH
SPEND_00426,1,2022,Samples,VEXORIN,13364.99,TER_MI_01,LAST_LAUNCH
SPEND_00427,1,2022,CME_Events,VEXORIN,6040.24,TER_MI_02,LAST_LAUNCH
SPEND_00428,1,2022,Samples,VEXORIN,13078.89,TER_MI_02,LAST_LAUNCH
SPEND_00429,1,2022,CME_Events,VEXORIN,7167.05,TER_MI_03,LAST_LAUNCH
SPEND_00430,1,2022,Samples,VEXORIN,14752.64,TER_MI_03,LAST_LAUNCH
SPEND_00431,1,2022,CME_Events,VEXORIN,7602.66,TER_MO_01,LAST_LAUNCH
SPEND_00432,1,2022,Samples,VEXORIN,14914.24,TER_MO_01,LAST_LAUNCH
SPEND_00433,1,2022,CME_Events,VEXORIN,10355.38,TER_MO_02,LAST_LAUNCH
SPEND_00434,1,2022,Samples,VEXORIN,11192.21,TER_MO_02,LAST_LAUNCH
SPEND_00435,1,2022,CME_Events,VEXORIN,7002.03,TER_MO_03,LAST_LAUNCH
SPEND_00436,1,2022,Samples,VEXORIN,14266.53,TER_MO_03,LAST_LAUNCH
SPEND_00437,1,2022,CME_Events,VEXORIN,8290.52,TER_PA_01,LAST_LAUNCH
SPEND_00438,1,2022,Samples,VEXORIN,8864.2,TER_PA_01,LAST_LAUNCH
SPEND_00439,1,2022,CME_Events,VEXORIN,7721.25,TER_PA_02,LAST_LAUNCH
SPEND_00440,1,2022,Samples,VEXORIN,11205.57,TER_PA_02,LAST_LAUNCH
SPEND_00441,1,2022,CME_Events,VEXORIN,8673.46,TER_PA_03,LAST_LAUNCH
SPEND_00442,1,2022,Samples,VEXORIN,13676.35,TER_PA_03,LAST_LAUNCH
SPEND_00443,2,2022,Digital,VEXORIN,189445.45,,LAST_LAUNCH
SPEND_00444,2,2022,Print,VEXORIN,47046.75,,LAST_LAUNCH
SPEND_00445,2,2022,Congress,VEXORIN,80445.65,,LAST_LAUNCH
SPEND_00446,2,2022,KOL_Engagement,VEXORIN,86232.06,,LAST_LAUNCH
SPEND_00447,2,2022,CME_Events,VEXORIN,9966.68,TER_NO_01,LAST_LAUNCH
SPEND_00448,2,2022,Samples,VEXORIN,14398.92,TER_NO_01,LAST_LAUNCH
SPEND_00449,2,2022,CME_Events,VEXORIN,8141.72,TER_NO_02,LAST_LAUNCH
SPEND_00450,2,2022,Samples,VEXORIN,9183.33,TER_NO_02,LAST_LAUNCH
SPEND_00451,2,2022,CME_Events,VEXORIN,6213.15,TER_NO_03,LAST_LAUNCH
SPEND_00452,2,2022,Samples,VEXORIN,11694.8,TER_NO_03,LAST_LAUNCH
SPEND_00453,2,2022,CME_Events,VEXORIN,7375.08,TER_SO_01,LAST_LAUNCH
SPEND_00454,2,2022,Samples,VEXORIN,13853.55,TER_SO_01,LAST_LAUNCH
SPEND_00455,2,2022,CME_Events,VEXORIN,10017.34,TER_SO_02,LAST_LAUNCH
SPEND_00456,2,2022,Samples,VEXORIN,9449.32,TER_SO_02,LAST_LAUNCH
SPEND_00457,2,2022,CME_Events,VEXORIN,8282.93,TER_SO_03,LAST_LAUNCH
SPEND_00458,2,2022,Samples,VEXORIN,8567.64,TER_SO_03,LAST_LAUNCH
SPEND_00459,2,2022,CME_Events,VEXORIN,7760.22,TER_MI_01,LAST_LAUNCH
SPEND_00460,2,2022,Samples,VEXORIN,13307.79,TER_MI_01,LAST_LAUNCH
SPEND_00461,2,2022,CME_Events,VEXORIN,9879.05,TER_MI_02,LAST_LAUNCH
SPEND_00462,2,2022,Samples,VEXORIN,14186.79,TER_MI_02,LAST_LAUNCH
SPEND_00463,2,2022,CME_Events,VEXORIN,6255.14,TER_MI_03,LAST_LAUNCH
SPEND_00464,2,2022,Samples,VEXORIN,13248.07,TER_MI_03,LAST_LAUNCH
SPEND_00465,2,2022,CME_Events,VEXORIN,6700.16,TER_MO_01,LAST_LAUNCH
SPEND_00466,2,2022,Samples,VEXORIN,10634.82,TER_MO_01,LAST_LAUNCH
SPEND_00467,2,2022,CME_Events,VEXORIN,8229.48,TER_MO_02,LAST_LAUNCH
SPEND_00468,2,2022,Samples,VEXORIN,10867.3,TER_MO_02,LAST_LAUNCH
SPEND_00469,2,2022,CME_Events,VEXORIN,8176.26,TER_MO_03,LAST_LAUNCH
SPEND_00470,2,2022,Samples,VEXORIN,11681.18,TER_MO_03,LAST_LAUNCH
SPEND_00471,2,2022,CME_Events,VEXORIN,6465.74,TER_PA_01,LAST_LAUNCH
SPEND_00472,2,2022,Samples,VEXORIN,11390.69,TER_PA_01,LAST_LAUNCH
SPEND_00473,2,2022,CME_Events,VEXORIN,6505.29,TER_PA_02,LAST_LAUNCH
SPEND_00474,2,2022,Samples,VEXORIN,14161.73,TER_PA_02,LAST_LAUNCH
SPEND_00475,2,2022,CME_Events,VEXORIN,8258.0,TER_PA_03,LAST_LAUNCH
SPEND_00476,2,2022,Samples,VEXORIN,13355.32,TER_PA_03,LAST_LAUNCH
SPEND_00477,3,2022,Digital,VEXORIN,233790.14,,LAST_LAUNCH
SPEND_00478,3,2022,Print,VEXORIN,41914.86,,LAST_LAUNCH
SPEND_00479,3,2022,Congress,VEXORIN,97205.36,,LAST_LAUNCH
SPEND_00480,3,2022,KOL_Engagement,VEXORIN,97730.72,,LAST_LAUNCH
SPEND_00481,3,2022,CME_Events,VEXORIN,9166.22,TER_NO_01,LAST_LAUNCH
SPEND_00482,3,2022,Samples,VEXORIN,13832.12,TER_NO_01,LAST_LAUNCH
SPEND_00483,3,2022,CME_Events,VEXORIN,7875.51,TER_NO_02,LAST_LAUNCH
SPEND_00484,3,2022,Samples,VEXORIN,10648.77,TER_NO_02,LAST_LAUNCH
SPEND_00485,3,2022,CME_Events,VEXORIN,9402.94,TER_NO_03,LAST_LAUNCH
SPEND_00486,3,2022,Samples,VEXORIN,11292.91,TER_NO_03,LAST_LAUNCH
SPEND_00487,3,2022,CME_Events,VEXORIN,8722.76,TER_SO_01,LAST_LAUNCH
SPEND_00488,3,2022,Samples,VEXORIN,10768.79,TER_SO_01,LAST_LAUNCH
SPEND_00489,3,2022,CME_Events,VEXORIN,6069.06,TER_SO_02,LAST_LAUNCH
SPEND_00490,3,2022,Samples,VEXORIN,10694.63,TER_SO_02,LAST_LAUNCH
SPEND_00491,3,2022,CME_Events,VEXORIN,9162.98,TER_SO_03,LAST_LAUNCH
SPEND_00492,3,2022,Samples,VEXORIN,8717.67,TER_SO_03,LAST_LAUNCH
SPEND_00493,3,2022,CME_Events,VEXORIN,7238.84,TER_MI_01,LAST_LAUNCH
SPEND_00494,3,2022,Samples,VEXORIN,11636.52,TER_MI_01,LAST_LAUNCH
SPEND_00495,3,2022,CME_Events,VEXORIN,9545.84,TER_MI_02,LAST_LAUNCH
SPEND_00496,3,2022,Samples,VEXORIN,12686.93,TER_MI_02,LAST_LAUNCH
SPEND_00497,3,2022,CME_Events,VEXORIN,6981.68,TER_MI_03,LAST_LAUNCH
SPEND_00498,3,2022,Samples,VEXORIN,12907.28,TER_MI_03,LAST_LAUNCH
SPEND_00499,3,2022,CME_Events,VEXORIN,8068.36,TER_MO_01,LAST_LAUNCH
SPEND_00500,3,2022,Samples,VEXORIN,10758.63,TER_MO_01,LAST_LAUNCH
SPEND_00501,3,2022,CME_Events,VEXORIN,10271.46,TER_MO_02,LAST_LAUNCH
SPEND_00502,3,2022,Samples,VEXORIN,8983.93,TER_MO_02,LAST_LAUNCH
SPEND_00503,3,2022,CME_Events,VEXORIN,10115.62,TER_MO_03,LAST_LAUNCH
SPEND_00504,3,2022,Samples,VEXORIN,15405.13,TER_MO_03,LAST_LAUNCH
SPEND_00505,3,2022,CME_Events,VEXORIN,6084.79,TER_PA_01,LAST_LAUNCH
SPEND_00506,3,2022,Samples,VEXORIN,14927.42,TER_PA_01,LAST_LAUNCH
SPEND_00507,3,2022,CME_Events,VEXORIN,9488.91,TER_PA_02,LAST_LAUNCH
SPEND_00508,3,2022,Samples,VEXORIN,11040.22,TER_PA_02,LAST_LAUNCH
SPEND_00509,3,2022,CME_Events,VEXORIN,9438.5,TER_PA_03,LAST_LAUNCH
SPEND_00510,3,2022,Samples,VEXORIN,12179.74,TER_PA_03,LAST_LAUNCH
SPEND_00511,4,2022,Digital,VEXORIN,244567.92,,LAST_LAUNCH
SPEND_00512,4,2022,Print,VEXORIN,51023.99,,LAST_LAUNCH
SPEND_00513,4,2022,Congress,VEXORIN,90202.98,,LAST_LAUNCH
SPEND_00514,4,2022,KOL_Engagement,VEXORIN,100930.73,,LAST_LAUNCH
SPEND_00515,4,2022,CME_Events,VEXORIN,7515.27,TER_NO_01,LAST_LAUNCH
SPEND_00516,4,2022,Samples,VEXORIN,10305.63,TER_NO_01,LAST_LAUNCH
SPEND_00517,4,2022,CME_Events,VEXORIN,6639.87,TER_NO_02,LAST_LAUNCH
SPEND_00518,4,2022,Samples,VEXORIN,9341.39,TER_NO_02,LAST_LAUNCH
SPEND_00519,4,2022,CME_Events,VEXORIN,10397.99,TER_NO_03,LAST_LAUNCH
SPEND_00520,4,2022,Samples,VEXORIN,12497.7,TER_NO_03,LAST_LAUNCH
SPEND_00521,4,2022,CME_Events,VEXORIN,9426.65,TER_SO_01,LAST_LAUNCH
SPEND_00522,4,2022,Samples,VEXORIN,9914.82,TER_SO_01,LAST_LAUNCH
SPEND_00523,4,2022,CME_Events,VEXORIN,6132.29,TER_SO_02,LAST_LAUNCH
SPEND_00524,4,2022,Samples,VEXORIN,9613.32,TER_SO_02,LAST_LAUNCH
SPEND_00525,4,2022,CME_Events,VEXORIN,7830.64,TER_SO_03,LAST_LAUNCH
SPEND_00526,4,2022,Samples,VEXORIN,12407.73,TER_SO_03,LAST_LAUNCH
SPEND_00527,4,2022,CME_Events,VEXORIN,10018.48,TER_MI_01,LAST_LAUNCH
SPEND_00528,4,2022,Samples,VEXORIN,10034.57,TER_MI_01,LAST_LAUNCH
SPEND_00529,4,2022,CME_Events,VEXORIN,6440.39,TER_MI_02,LAST_LAUNCH
SPEND_00530,4,2022,Samples,VEXORIN,14443.51,TER_MI_02,LAST_LAUNCH
SPEND_00531,4,2022,CME_Events,VEXORIN,8665.99,TER_MI_03,LAST_LAUNCH
SPEND_00532,4,2022,Samples,VEXORIN,15199.4,TER_MI_03,LAST_LAUNCH
SPEND_00533,4,2022,CME_Events,VEXORIN,8547.67,TER_MO_01,LAST_LAUNCH
SPEND_00534,4,2022,Samples,VEXORIN,10096.62,TER_MO_01,LAST_LAUNCH
SPEND_00535,4,2022,CME_Events,VEXORIN,5910.29,TER_MO_02,LAST_LAUNCH
SPEND_00536,4,2022,Samples,VEXORIN,14200.18,TER_MO_02,LAST_LAUNCH
SPEND_00537,4,2022,CME_Events,VEXORIN,8823.89,TER_MO_03,LAST_LAUNCH
SPEND_00538,4,2022,Samples,VEXORIN,15497.89,TER_MO_03,LAST_LAUNCH
SPEND_00539,4,2022,CME_Events,VEXORIN,5621.96,TER_PA_01,LAST_LAUNCH
SPEND_00540,4,2022,Samples,VEXORIN,10021.29,TER_PA_01,LAST_LAUNCH
SPEND_00541,4,2022,CME_Events,VEXORIN,10307.38,TER_PA_02,LAST_LAUNCH
SPEND_00542,4,2022,Samples,VEXORIN,11020.28,TER_PA_02,LAST_LAUNCH
SPEND_00543,4,2022,CME_Events,VEXORIN,8719.36,TER_PA_03,LAST_LAUNCH
SPEND_00544,4,2022,Samples,VEXORIN,15134.04,TER_PA_03,LAST_LAUNCH
SPEND_00545,5,2022,Digital,VEXORIN,221648.14,,LAST_LAUNCH
SPEND_00546,5,2022,Print,VEXORIN,46130.57,,LAST_LAUNCH
SPEND_00547,5,2022,Congress,VEXORIN,93575.35,,LAST_LAUNCH
SPEND_00548,5,2022,KOL_Engagement,VEXORIN,104407.48,,LAST_LAUNCH
SPEND_00549,5,2022,CME_Events,VEXORIN,7558.17,TER_NO_01,LAST_LAUNCH
SPEND_00550,5,2022,Samples,VEXORIN,11944.4,TER_NO_01,LAST_LAUNCH
SPEND_00551,5,2022,CME_Events,VEXORIN,9011.94,TER_NO_02,LAST_LAUNCH
SPEND_00552,5,2022,Samples,VEXORIN,11867.89,TER_NO_02,LAST_LAUNCH
SPEND_00553,5,2022,CME_Events,VEXORIN,9053.51,TER_NO_03,LAST_LAUNCH
SPEND_00554,5,2022,Samples,VEXORIN,11207.46,TER_NO_03,LAST_LAUNCH
SPEND_00555,5,2022,CME_Events,VEXORIN,9868.67,TER_SO_01,LAST_LAUNCH
SPEND_00556,5,2022,Samples,VEXORIN,11588.56,TER_SO_01,LAST_LAUNCH
SPEND_00557,5,2022,CME_Events,VEXORIN,8259.91,TER_SO_02,LAST_LAUNCH
SPEND_00558,5,2022,Samples,VEXORIN,13874.1,TER_SO_02,LAST_LAUNCH
SPEND_00559,5,2022,CME_Events,VEXORIN,7477.56,TER_SO_03,LAST_LAUNCH
SPEND_00560,5,2022,Samples,VEXORIN,13864.16,TER_SO_03,LAST_LAUNCH
SPEND_00561,5,2022,CME_Events,VEXORIN,10184.25,TER_MI_01,LAST_LAUNCH
SPEND_00562,5,2022,Samples,VEXORIN,11464.98,TER_MI_01,LAST_LAUNCH
SPEND_00563,5,2022,CME_Events,VEXORIN,9556.77,TER_MI_02,LAST_LAUNCH
SPEND_00564,5,2022,Samples,VEXORIN,14273.15,TER_MI_02,LAST_LAUNCH
SPEND_00565,5,2022,CME_Events,VEXORIN,7375.44,TER_MI_03,LAST_LAUNCH
SPEND_00566,5,2022,Samples,VEXORIN,12086.58,TER_MI_03,LAST_LAUNCH
SPEND_00567,5,2022,CME_Events,VEXORIN,6003.89,TER_MO_01,LAST_LAUNCH
SPEND_00568,5,2022,Samples,VEXORIN,10776.99,TER_MO_01,LAST_LAUNCH
SPEND_00569,5,2022,CME_Events,VEXORIN,9930.27,TER_MO_02,LAST_LAUNCH
SPEND_00570,5,2022,Samples,VEXORIN,12384.18,TER_MO_02,LAST_LAUNCH
SPEND_00571,5,2022,CME_Events,VEXORIN,10302.1,TER_MO_03,LAST_LAUNCH
SPEND_00572,5,2022,Samples,VEXORIN,10027.74,TER_MO_03,LAST_LAUNCH
SPEND_00573,5,2022,CME_Events,VEXORIN,5925.36,TER_PA_01,LAST_LAUNCH
SPEND_00574,5,2022,Samples,VEXORIN,15102.17,TER_PA_01,LAST_LAUNCH
SPEND_00575,5,2022,CME_Events,VEXORIN,7317.96,TER_PA_02,LAST_LAUNCH
SPEND_00576,5,2022,Samples,VEXORIN,10418.59,TER_PA_02,LAST_LAUNCH
SPEND_00577,5,2022,CME_Events,VEXORIN,6538.87,TER_PA_03,LAST_LAUNCH
SPEND_00578,5,2022,Samples,VEXORIN,12908.03,TER_PA_03,LAST_LAUNCH
SPEND_00579,6,2022,Digital,VEXORIN,222181.87,,LAST_LAUNCH
SPEND_00580,6,2022,Print,VEXORIN,50785.45,,LAST_LAUNCH
SPEND_00581,6,2022,Congress,VEXORIN,92878.43,,LAST_LAUNCH
SPEND_00582,6,2022,KOL_Engagement,VEXORIN,83451.74,,LAST_LAUNCH
SPEND_00583,6,2022,CME_Events,VEXORIN,7562.36,TER_NO_01,LAST_LAUNCH
SPEND_00584,6,2022,Samples,VEXORIN,13412.33,TER_NO_01,LAST_LAUNCH
SPEND_00585,6,2022,CME_Events,VEXORIN,6668.18,TER_NO_02,LAST_LAUNCH
SPEND_00586,6,2022,Samples,VEXORIN,10989.11,TER_NO_02,LAST_LAUNCH
SPEND_00587,6,2022,CME_Events,VEXORIN,10078.0,TER_NO_03,LAST_LAUNCH
SPEND_00588,6,2022,Samples,VEXORIN,10059.72,TER_NO_03,LAST_LAUNCH
SPEND_00589,6,2022,CME_Events,VEXORIN,9340.98,TER_SO_01,LAST_LAUNCH
SPEND_00590,6,2022,Samples,VEXORIN,12256.35,TER_SO_01,LAST_LAUNCH
SPEND_00591,6,2022,CME_Events,VEXORIN,6179.52,TER_SO_02,LAST_LAUNCH
SPEND_00592,6,2022,Samples,VEXORIN,12228.13,TER_SO_02,LAST_LAUNCH
SPEND_00593,6,2022,CME_Events,VEXORIN,9586.41,TER_SO_03,LAST_LAUNCH
SPEND_00594,6,2022,Samples,VEXORIN,8865.56,TER_SO_03,LAST_LAUNCH
SPEND_00595,6,2022,CME_Events,VEXORIN,8517.9,TER_MI_01,LAST_LAUNCH
SPEND_00596,6,2022,Samples,VEXORIN,10001.16,TER_MI_01,LAST_LAUNCH
SPEND_00597,6,2022,CME_Events,VEXORIN,8453.34,TER_MI_02,LAST_LAUNCH
SPEND_00598,6,2022,Samples,VEXORIN,14026.33,TER_MI_02,LAST_LAUNCH
SPEND_00599,6,2022,CME_Events,VEXORIN,10307.11,TER_MI_03,LAST_LAUNCH
SPEND_00600,6,2022,Samples,VEXORIN,13243.15,TER_MI_03,LAST_LAUNCH
SPEND_00601,6,2022,CME_Events,VEXORIN,7485.0,TER_MO_01,LAST_LAUNCH
SPEND_00602,6,2022,Samples,VEXORIN,9868.9,TER_MO_01,LAST_LAUNCH
SPEND_00603,6,2022,CME_Events,VEXORIN,6466.18,TER_MO_02,LAST_LAUNCH
SPEND_00604,6,2022,Samples,VEXORIN,13270.86,TER_MO_02,LAST_LAUNCH
SPEND_00605,6,2022,CME_Events,VEXORIN,6306.4,TER_MO_03,LAST_LAUNCH
SPEND_00606,6,2022,Samples,VEXORIN,11621.92,TER_MO_03,LAST_LAUNCH
SPEND_00607,6,2022,CME_Events,VEXORIN,8910.61,TER_PA_01,LAST_LAUNCH
SPEND_00608,6,2022,Samples,VEXORIN,10729.37,TER_PA_01,LAST_LAUNCH
SPEND_00609,6,2022,CME_Events,VEXORIN,7316.09,TER_PA_02,LAST_LAUNCH
SPEND_00610,6,2022,Samples,VEXORIN,15107.44,TER_PA_02,LAST_LAUNCH
SPEND_00611,6,2022,CME_Events,VEXORIN,7435.79,TER_PA_03,LAST_LAUNCH
SPEND_00612,6,2022,Samples,VEXORIN,13690.22,TER_PA_03,LAST_LAUNCH
SPEND_00613,1,2024,Digital,AURONIX,212867.32,,CURRENT_LAUNCH
SPEND_00614,1,2024,Print,AURONIX,44896.64,,CURRENT_LAUNCH
SPEND_00615,1,2024,Congress,AURONIX,89309.25,,CURRENT_LAUNCH
SPEND_00616,1,2024,KOL_Engagement,AURONIX,104871.52,,CURRENT_LAUNCH
SPEND_00617,1,2024,CME_Events,AURONIX,7718.34,TER_NO_01,CURRENT_LAUNCH
SPEND_00618,1,2024,Samples,AURONIX,11772.97,TER_NO_01,CURRENT_LAUNCH
SPEND_00619,1,2024,CME_Events,AURONIX,7351.64,TER_NO_02,CURRENT_LAUNCH
SPEND_00620,1,2024,Samples,AURONIX,15064.27,TER_NO_02,CURRENT_LAUNCH
SPEND_00621,1,2024,CME_Events,AURONIX,8820.31,TER_NO_03,CURRENT_LAUNCH
SPEND_00622,1,2024,Samples,AURONIX,9528.44,TER_NO_03,CURRENT_LAUNCH
SPEND_00623,1,2024,CME_Events,AURONIX,5846.46,TER_SO_01,CURRENT_LAUNCH
SPEND_00624,1,2024,Samples,AURONIX,13423.12,TER_SO_01,CURRENT_LAUNCH
SPEND_00625,1,2024,CME_Events,AURONIX,9769.36,TER_SO_02,CURRENT_LAUNCH
SPEND_00626,1,2024,Samples,AURONIX,15095.64,TER_SO_02,CURRENT_LAUNCH
SPEND_00627,1,2024,CME_Events,AURONIX,6216.01,TER_SO_03,CURRENT_LAUNCH
SPEND_00628,1,2024,Samples,AURONIX,9067.14,TER_SO_03,CURRENT_LAUNCH
SPEND_00629,1,2024,CME_Events,AURONIX,7151.28,TER_MI_01,CURRENT_LAUNCH
SPEND_00630,1,2024,Samples,AURONIX,15067.29,TER_MI_01,CURRENT_LAUNCH
SPEND_00631,1,2024,CME_Events,AURONIX,9085.5,TER_MI_02,CURRENT_LAUNCH
SPEND_00632,1,2024,Samples,AURONIX,15066.61,TER_MI_02,CURRENT_LAUNCH
SPEND_00633,1,2024,CME_Events,AURONIX,6161.64,TER_MI_03,CURRENT_LAUNCH
SPEND_00634,1,2024,Samples,AURONIX,13238.75,TER_MI_03,CURRENT_LAUNCH
SPEND_00635,1,2024,CME_Events,AURONIX,9308.49,TER_MO_01,CURRENT_LAUNCH
SPEND_00636,1,2024,Samples,AURONIX,13408.42,TER_MO_01,CURRENT_LAUNCH
SPEND_00637,1,2024,CME_Events,AURONIX,7249.4,TER_MO_02,CURRENT_LAUNCH
SPEND_00638,1,2024,Samples,AURONIX,12821.21,TER_MO_02,CURRENT_LAUNCH
SPEND_00639,1,2024,CME_Events,AURONIX,8246.9,TER_MO_03,CURRENT_LAUNCH
SPEND_00640,1,2024,Samples,AURONIX,12539.87,TER_MO_03,CURRENT_LAUNCH
SPEND_00641,1,2024,CME_Events,AURONIX,7402.92,TER_PA_01,CURRENT_LAUNCH
SPEND_00642,1,2024,Samples,AURONIX,9844.19,TER_PA_01,CURRENT_LAUNCH
SPEND_00643,1,2024,CME_Events,AURONIX,7543.62,TER_PA_02,CURRENT_LAUNCH
SPEND_00644,1,2024,Samples,AURONIX,11936.04,TER_PA_02,CURRENT_LAUNCH
SPEND_00645,1,2024,CME_Events,AURONIX,8766.79,TER_PA_03,CURRENT_LAUNCH
SPEND_00646,1,2024,Samples,AURONIX,12790.05,TER_PA_03,CURRENT_LAUNCH
SPEND_00647,2,2024,Digital,AURONIX,174683.88,,CURRENT_LAUNCH
SPEND_00648,2,2024,Print,AURONIX,50349.28,,CURRENT_LAUNCH
SPEND_00649,2,2024,Congress,AURONIX,88997.27,,CURRENT_LAUNCH
SPEND_00650,2,2024,KOL_Engagement,AURONIX,94873.74,,CURRENT_LAUNCH
SPEND_00651,2,2024,CME_Events,AURONIX,9118.22,TER_NO_01,CURRENT_LAUNCH
SPEND_00652,2,2024,Samples,AURONIX,13686.38,TER_NO_01,CURRENT_LAUNCH
SPEND_00653,2,2024,CME_Events,AURONIX,8542.42,TER_NO_02,CURRENT_LAUNCH
SPEND_00654,2,2024,Samples,AURONIX,9481.32,TER_NO_02,CURRENT_LAUNCH
SPEND_00655,2,2024,CME_Events,AURONIX,9667.92,TER_NO_03,CURRENT_LAUNCH
SPEND_00656,2,2024,Samples,AURONIX,12351.52,TER_NO_03,CURRENT_LAUNCH
SPEND_00657,2,2024,CME_Events,AURONIX,8299.56,TER_SO_01,CURRENT_LAUNCH
SPEND_00658,2,2024,Samples,AURONIX,14725.34,TER_SO_01,CURRENT_LAUNCH
SPEND_00659,2,2024,CME_Events,AURONIX,7901.35,TER_SO_02,CURRENT_LAUNCH
SPEND_00660,2,2024,Samples,AURONIX,13136.34,TER_SO_02,CURRENT_LAUNCH
SPEND_00661,2,2024,CME_Events,AURONIX,7991.03,TER_SO_03,CURRENT_LAUNCH
SPEND_00662,2,2024,Samples,AURONIX,14781.31,TER_SO_03,CURRENT_LAUNCH
SPEND_00663,2,2024,CME_Events,AURONIX,7284.07,TER_MI_01,CURRENT_LAUNCH
SPEND_00664,2,2024,Samples,AURONIX,13301.98,TER_MI_01,CURRENT_LAUNCH
SPEND_00665,2,2024,CME_Events,AURONIX,9412.04,TER_MI_02,CURRENT_LAUNCH
SPEND_00666,2,2024,Samples,AURONIX,8914.24,TER_MI_02,CURRENT_LAUNCH
SPEND_00667,2,2024,CME_Events,AURONIX,5925.49,TER_MI_03,CURRENT_LAUNCH
SPEND_00668,2,2024,Samples,AURONIX,11979.06,TER_MI_03,CURRENT_LAUNCH
SPEND_00669,2,2024,CME_Events,AURONIX,5790.09,TER_MO_01,CURRENT_LAUNCH
SPEND_00670,2,2024,Samples,AURONIX,14964.23,TER_MO_01,CURRENT_LAUNCH
SPEND_00671,2,2024,CME_Events,AURONIX,8983.92,TER_MO_02,CURRENT_LAUNCH
SPEND_00672,2,2024,Samples,AURONIX,10296.5,TER_MO_02,CURRENT_LAUNCH
SPEND_00673,2,2024,CME_Events,AURONIX,7360.71,TER_MO_03,CURRENT_LAUNCH
SPEND_00674,2,2024,Samples,AURONIX,14001.55,TER_MO_03,CURRENT_LAUNCH
SPEND_00675,2,2024,CME_Events,AURONIX,6124.02,TER_PA_01,CURRENT_LAUNCH
SPEND_00676,2,2024,Samples,AURONIX,9428.5,TER_PA_01,CURRENT_LAUNCH
SPEND_00677,2,2024,CME_Events,AURONIX,6754.67,TER_PA_02,CURRENT_LAUNCH
SPEND_00678,2,2024,Samples,AURONIX,10070.3,TER_PA_02,CURRENT_LAUNCH
SPEND_00679,2,2024,CME_Events,AURONIX,9949.86,TER_PA_03,CURRENT_LAUNCH
SPEND_00680,2,2024,Samples,AURONIX,14307.98,TER_PA_03,CURRENT_LAUNCH
SPEND_00681,3,2024,Digital,AURONIX,180367.42,,CURRENT_LAUNCH
SPEND_00682,3,2024,Print,AURONIX,43879.51,,CURRENT_LAUNCH
SPEND_00683,3,2024,Congress,AURONIX,80994.69,,CURRENT_LAUNCH
SPEND_00684,3,2024,KOL_Engagement,AURONIX,105413.48,,CURRENT_LAUNCH
SPEND_00685,3,2024,CME_Events,AURONIX,8522.52,TER_NO_01,CURRENT_LAUNCH
SPEND_00686,3,2024,Samples,AURONIX,14676.38,TER_NO_01,CURRENT_LAUNCH
SPEND_00687,3,2024,CME_Events,AURONIX,6998.53,TER_NO_02,CURRENT_LAUNCH
SPEND_00688,3,2024,Samples,AURONIX,14280.56,TER_NO_02,CURRENT_LAUNCH
SPEND_00689,3,2024,CME_Events,AURONIX,9746.16,TER_NO_03,CURRENT_LAUNCH
SPEND_00690,3,2024,Samples,AURONIX,10524.34,TER_NO_03,CURRENT_LAUNCH
SPEND_00691,3,2024,CME_Events,AURONIX,9851.88,TER_SO_01,CURRENT_LAUNCH
SPEND_00692,3,2024,Samples,AURONIX,13814.18,TER_SO_01,CURRENT_LAUNCH
SPEND_00693,3,2024,CME_Events,AURONIX,6608.06,TER_SO_02,CURRENT_LAUNCH
SPEND_00694,3,2024,Samples,AURONIX,10945.89,TER_SO_02,CURRENT_LAUNCH
SPEND_00695,3,2024,CME_Events,AURONIX,7506.12,TER_SO_03,CURRENT_LAUNCH
SPEND_00696,3,2024,Samples,AURONIX,15472.74,TER_SO_03,CURRENT_LAUNCH
SPEND_00697,3,2024,CME_Events,AURONIX,10372.15,TER_MI_01,CURRENT_LAUNCH
SPEND_00698,3,2024,Samples,AURONIX,12656.18,TER_MI_01,CURRENT_LAUNCH
SPEND_00699,3,2024,CME_Events,AURONIX,9813.92,TER_MI_02,CURRENT_LAUNCH
SPEND_00700,3,2024,Samples,AURONIX,9658.94,TER_MI_02,CURRENT_LAUNCH
SPEND_00701,3,2024,CME_Events,AURONIX,9531.2,TER_MI_03,CURRENT_LAUNCH
SPEND_00702,3,2024,Samples,AURONIX,14841.27,TER_MI_03,CURRENT_LAUNCH
SPEND_00703,3,2024,CME_Events,AURONIX,8675.12,TER_MO_01,CURRENT_LAUNCH
SPEND_00704,3,2024,Samples,AURONIX,15126.59,TER_MO_01,CURRENT_LAUNCH
SPEND_00705,3,2024,CME_Events,AURONIX,9727.9,TER_MO_02,CURRENT_LAUNCH
SPEND_00706,3,2024,Samples,AURONIX,11796.59,TER_MO_02,CURRENT_LAUNCH
SPEND_00707,3,2024,CME_Events,AURONIX,9640.26,TER_MO_03,CURRENT_LAUNCH
SPEND_00708,3,2024,Samples,AURONIX,12537.59,TER_MO_03,CURRENT_LAUNCH
SPEND_00709,3,2024,CME_Events,AURONIX,7249.52,TER_PA_01,CURRENT_LAUNCH
SPEND_00710,3,2024,Samples,AURONIX,15092.73,TER_PA_01,CURRENT_LAUNCH
SPEND_00711,3,2024,CME_Events,AURONIX,8754.71,TER_PA_02,CURRENT_LAUNCH
SPEND_00712,3,2024,Samples,AURONIX,11943.28,TER_PA_02,CURRENT_LAUNCH
SPEND_00713,3,2024,CME_Events,AURONIX,6038.08,TER_PA_03,CURRENT_LAUNCH
SPEND_00714,3,2024,Samples,AURONIX,9672.38,TER_PA_03,CURRENT_LAUNCH
SPEND_00715,4,2024,Digital,AURONIX,213340.96,,CURRENT_LAUNCH
SPEND_00716,4,2024,Print,AURONIX,43531.19,,CURRENT_LAUNCH
SPEND_00717,4,2024,Congress,AURONIX,99187.28,,CURRENT_LAUNCH
SPEND_00718,4,2024,KOL_Engagement,AURONIX,96017.74,,CURRENT_LAUNCH
SPEND_00719,4,2024,CME_Events,AURONIX,9664.48,TER_NO_01,CURRENT_LAUNCH
SPEND_00720,4,2024,Samples,AURONIX,12211.93,TER_NO_01,CURRENT_LAUNCH
SPEND_00721,4,2024,CME_Events,AURONIX,9088.17,TER_NO_02,CURRENT_LAUNCH
SPEND_00722,4,2024,Samples,AURONIX,10433.42,TER_NO_02,CURRENT_LAUNCH
SPEND_00723,4,2024,CME_Events,AURONIX,9657.38,TER_NO_03,CURRENT_LAUNCH
SPEND_00724,4,2024,Samples,AURONIX,10555.23,TER_NO_03,CURRENT_LAUNCH
SPEND_00725,4,2024,CME_Events,AURONIX,8108.09,TER_SO_01,CURRENT_LAUNCH
SPEND_00726,4,2024,Samples,AURONIX,12998.38,TER_SO_01,CURRENT_LAUNCH
SPEND_00727,4,2024,CME_Events,AURONIX,7232.0,TER_SO_02,CURRENT_LAUNCH
SPEND_00728,4,2024,Samples,AURONIX,12048.5,TER_SO_02,CURRENT_LAUNCH
SPEND_00729,4,2024,CME_Events,AURONIX,7374.76,TER_SO_03,CURRENT_LAUNCH
SPEND_00730,4,2024,Samples,AURONIX,14542.27,TER_SO_03,CURRENT_LAUNCH
SPEND_00731,4,2024,CME_Events,AURONIX,8878.04,TER_MI_01,CURRENT_LAUNCH
SPEND_00732,4,2024,Samples,AURONIX,14504.71,TER_MI_01,CURRENT_LAUNCH
SPEND_00733,4,2024,CME_Events,AURONIX,8885.35,TER_MI_02,CURRENT_LAUNCH
SPEND_00734,4,2024,Samples,AURONIX,14073.52,TER_MI_02,CURRENT_LAUNCH
SPEND_00735,4,2024,CME_Events,AURONIX,8460.02,TER_MI_03,CURRENT_LAUNCH
SPEND_00736,4,2024,Samples,AURONIX,10838.25,TER_MI_03,CURRENT_LAUNCH
SPEND_00737,4,2024,CME_Events,AURONIX,7860.58,TER_MO_01,CURRENT_LAUNCH
SPEND_00738,4,2024,Samples,AURONIX,11098.64,TER_MO_01,CURRENT_LAUNCH
SPEND_00739,4,2024,CME_Events,AURONIX,7802.25,TER_MO_02,CURRENT_LAUNCH
SPEND_00740,4,2024,Samples,AURONIX,12071.28,TER_MO_02,CURRENT_LAUNCH
SPEND_00741,4,2024,CME_Events,AURONIX,7388.72,TER_MO_03,CURRENT_LAUNCH
SPEND_00742,4,2024,Samples,AURONIX,10610.24,TER_MO_03,CURRENT_LAUNCH
SPEND_00743,4,2024,CME_Events,AURONIX,7984.66,TER_PA_01,CURRENT_LAUNCH
SPEND_00744,4,2024,Samples,AURONIX,10992.77,TER_PA_01,CURRENT_LAUNCH
SPEND_00745,4,2024,CME_Events,AURONIX,8405.2,TER_PA_02,CURRENT_LAUNCH
SPEND_00746,4,2024,Samples,AURONIX,13823.8,TER_PA_02,CURRENT_LAUNCH
SPEND_00747,4,2024,CME_Events,AURONIX,8052.88,TER_PA_03,CURRENT_LAUNCH
SPEND_00748,4,2024,Samples,AURONIX,11682.86,TER_PA_03,CURRENT_LAUNCH
SPEND_00749,5,2024,Digital,AURONIX,208056.42,,CURRENT_LAUNCH
SPEND_00750,5,2024,Print,AURONIX,49043.3,,CURRENT_LAUNCH
SPEND_00751,5,2024,Congress,AURONIX,99796.95,,CURRENT_LAUNCH
SPEND_00752,5,2024,KOL_Engagement,AURONIX,80467.96,,CURRENT_LAUNCH
SPEND_00753,5,2024,CME_Events,AURONIX,8762.8,TER_NO_01,CURRENT_LAUNCH
SPEND_00754,5,2024,Samples,AURONIX,11944.41,TER_NO_01,CURRENT_LAUNCH
SPEND_00755,5,2024,CME_Events,AURONIX,10042.12,TER_NO_02,CURRENT_LAUNCH
SPEND_00756,5,2024,Samples,AURONIX,12067.52,TER_NO_02,CURRENT_LAUNCH
SPEND_00757,5,2024,CME_Events,AURONIX,8367.98,TER_NO_03,CURRENT_LAUNCH
SPEND_00758,5,2024,Samples,AURONIX,12841.62,TER_NO_03,CURRENT_LAUNCH
SPEND_00759,5,2024,CME_Events,AURONIX,8001.95,TER_SO_01,CURRENT_LAUNCH
SPEND_00760,5,2024,Samples,AURONIX,11350.09,TER_SO_01,CURRENT_LAUNCH
SPEND_00761,5,2024,CME_Events,AURONIX,9564.6,TER_SO_02,CURRENT_LAUNCH
SPEND_00762,5,2024,Samples,AURONIX,13702.33,TER_SO_02,CURRENT_LAUNCH
SPEND_00763,5,2024,CME_Events,AURONIX,6852.91,TER_SO_03,CURRENT_LAUNCH
SPEND_00764,5,2024,Samples,AURONIX,9498.16,TER_SO_03,CURRENT_LAUNCH
SPEND_00765,5,2024,CME_Events,AURONIX,10125.34,TER_MI_01,CURRENT_LAUNCH
SPEND_00766,5,2024,Samples,AURONIX,14391.26,TER_MI_01,CURRENT_LAUNCH
SPEND_00767,5,2024,CME_Events,AURONIX,8587.36,TER_MI_02,CURRENT_LAUNCH
SPEND_00768,5,2024,Samples,AURONIX,13832.51,TER_MI_02,CURRENT_LAUNCH
SPEND_00769,5,2024,CME_Events,AURONIX,8487.54,TER_MI_03,CURRENT_LAUNCH
SPEND_00770,5,2024,Samples,AURONIX,11359.41,TER_MI_03,CURRENT_LAUNCH
SPEND_00771,5,2024,CME_Events,AURONIX,9923.87,TER_MO_01,CURRENT_LAUNCH
SPEND_00772,5,2024,Samples,AURONIX,15130.51,TER_MO_01,CURRENT_LAUNCH
SPEND_00773,5,2024,CME_Events,AURONIX,8037.05,TER_MO_02,CURRENT_LAUNCH
SPEND_00774,5,2024,Samples,AURONIX,10044.46,TER_MO_02,CURRENT_LAUNCH
SPEND_00775,5,2024,CME_Events,AURONIX,10234.56,TER_MO_03,CURRENT_LAUNCH
SPEND_00776,5,2024,Samples,AURONIX,12549.23,TER_MO_03,CURRENT_LAUNCH
SPEND_00777,5,2024,CME_Events,AURONIX,9637.3,TER_PA_01,CURRENT_LAUNCH
SPEND_00778,5,2024,Samples,AURONIX,10740.72,TER_PA_01,CURRENT_LAUNCH
SPEND_00779,5,2024,CME_Events,AURONIX,6634.06,TER_PA_02,CURRENT_LAUNCH
SPEND_00780,5,2024,Samples,AURONIX,14994.01,TER_PA_02,CURRENT_LAUNCH
SPEND_00781,5,2024,CME_Events,AURONIX,9256.52,TER_PA_03,CURRENT_LAUNCH
SPEND_00782,5,2024,Samples,AURONIX,9538.4,TER_PA_03,CURRENT_LAUNCH
